expiry,strike,side,oi
2026-10-07,115,call,16
2026-10-07,115,put,132
2026-10-07,120,call,24
2026-10-07,120,put,6
2026-10-07,125,call,36
2026-10-07,125,put,0
2026-10-07,130,call,26
2026-10-07,130,put,1
2026-10-07,135,call,31
2026-10-07,135,put,5
2026-10-07,140,call,37
2026-10-07,140,put,9
2026-10-07,145,call,70
2026-10-07,145,put,5020
2026-10-07,150,call,65
2026-10-07,150,put,3601
2026-10-07,155,call,31
2026-10-07,155,put,266
2026-10-07,160,call,41
2026-10-07,160,put,119
2026-10-07,165,call,106
2026-10-07,165,put,2109
2026-10-07,170,call,86
2026-10-07,170,put,772
2026-10-07,175,call,37
2026-10-07,175,put,762
2026-10-07,180,call,49
2026-10-07,180,put,1992
2026-10-07,185,call,61
2026-10-07,185,put,1886
2026-10-07,190,call,90
2026-10-07,190,put,1510
2026-10-07,195,call,76
2026-10-07,195,put,1903
2026-10-07,197.5,call,74
2026-10-07,197.5,put,1257
2026-10-07,200,call,126
2026-10-07,200,put,1968
2026-10-07,202.5,call,88
2026-10-07,202.5,put,6826
2026-10-07,205,call,60
2026-10-07,205,put,7079
2026-10-07,207.5,call,66
2026-10-07,207.5,put,5665
2026-10-07,210,call,61
2026-10-07,210,put,5136
2026-10-07,212.5,call,88
2026-10-07,212.5,put,6904
2026-10-07,215,call,257
2026-10-07,215,put,5201
2026-10-07,217.5,call,452
2026-10-07,217.5,put,5067
2026-10-07,220,call,445
2026-10-07,220,put,9395
2026-10-07,222.5,call,459
2026-10-07,222.5,put,10464
2026-10-07,225,call,1082
2026-10-07,225,put,5982
2026-10-07,227.5,call,1373
2026-10-07,227.5,put,6397
2026-10-07,230,call,2084
2026-10-07,230,put,14898
2026-10-07,232.5,call,2363
2026-10-07,232.5,put,7937
2026-10-07,235,call,4517
2026-10-07,235,put,20481
2026-10-07,237.5,call,5081
2026-10-07,237.5,put,10356
2026-10-07,240,call,14820
2026-10-07,240,put,9660
2026-10-07,242.5,call,24794
2026-10-07,242.5,put,3075
2026-10-07,245,call,28465
2026-10-07,245,put,1114
2026-10-07,247.5,call,27254
2026-10-07,247.5,put,470
2026-10-07,250,call,17105
2026-10-07,250,put,20
2026-10-07,252.5,call,11646
2026-10-07,252.5,put,0
2026-10-07,255,call,10100
2026-10-07,255,put,12
2026-10-07,257.5,call,1612
2026-10-07,257.5,put,1
2026-10-07,260,call,2153
2026-10-07,260,put,0
2026-10-07,265,call,639
2026-10-07,265,put,1
2026-10-07,270,call,264
2026-10-07,270,put,1
2026-10-07,275,call,41
2026-10-07,275,put,0
2026-10-07,280,call,383
2026-10-07,280,put,0
2026-10-07,285,call,2
2026-10-07,285,put,0
2026-10-07,290,call,4
2026-10-07,290,put,0
2026-10-07,295,call,15
2026-10-07,295,put,0
2026-10-09,50,call,1
2026-10-09,50,put,42
2026-10-09,55,call,5
2026-10-09,55,put,459
2026-10-09,60,call,4
2026-10-09,60,put,4502
2026-10-09,65,call,2
2026-10-09,65,put,15
2026-10-09,70,call,2
2026-10-09,70,put,0
2026-10-09,75,call,11
2026-10-09,75,put,2184
2026-10-09,80,call,10
2026-10-09,80,put,442
2026-10-09,85,call,16
2026-10-09,85,put,626
2026-10-09,90,call,11
2026-10-09,90,put,86
2026-10-09,95,call,23
2026-10-09,95,put,511
2026-10-09,100,call,14
2026-10-09,100,put,1750
2026-10-09,105,call,25
2026-10-09,105,put,13951
2026-10-09,110,call,18
2026-10-09,110,put,46136
2026-10-09,115,call,11
2026-10-09,115,put,28060
2026-10-09,120,call,19
2026-10-09,120,put,10569
2026-10-09,125,call,12
2026-10-09,125,put,1689
2026-10-09,130,call,6
2026-10-09,130,put,9973
2026-10-09,135,call,9
2026-10-09,135,put,2679
2026-10-09,140,call,30
2026-10-09,140,put,2360
2026-10-09,145,call,54
2026-10-09,145,put,2119
2026-10-09,150,call,78
2026-10-09,150,put,1360
2026-10-09,155,call,21
2026-10-09,155,put,1508
2026-10-09,160,call,17
2026-10-09,160,put,3864
2026-10-09,165,call,29
2026-10-09,165,put,3695
2026-10-09,170,call,69
2026-10-09,170,put,3294
2026-10-09,175,call,46
2026-10-09,175,put,5467
2026-10-09,180,call,84
2026-10-09,180,put,8419
2026-10-09,185,call,122
2026-10-09,185,put,3715
2026-10-09,190,call,192
2026-10-09,190,put,11754
2026-10-09,195,call,463
2026-10-09,195,put,8417
2026-10-09,197.5,call,58
2026-10-09,197.5,put,2471
2026-10-09,200,call,738
2026-10-09,200,put,18231
2026-10-09,202.5,call,980
2026-10-09,202.5,put,4718
2026-10-09,205,call,953
2026-10-09,205,put,10361
2026-10-09,207.5,call,2286
2026-10-09,207.5,put,10658
2026-10-09,210,call,1322
2026-10-09,210,put,5903
2026-10-09,212.5,call,1029
2026-10-09,212.5,put,13438
2026-10-09,215,call,9568
2026-10-09,215,put,11478
2026-10-09,217.5,call,2633
2026-10-09,217.5,put,11932
2026-10-09,220,call,4764
2026-10-09,220,put,23233
2026-10-09,222.5,call,1426
2026-10-09,222.5,put,21470
2026-10-09,225,call,7587
2026-10-09,225,put,20645
2026-10-09,227.5,call,3854
2026-10-09,227.5,put,11569
2026-10-09,230,call,14777
2026-10-09,230,put,35159
2026-10-09,232.5,call,4558
2026-10-09,232.5,put,10691
2026-10-09,235,call,30404
2026-10-09,235,put,26657
2026-10-09,237.5,call,9298
2026-10-09,237.5,put,7008
2026-10-09,240,call,75127
2026-10-09,240,put,11020
2026-10-09,242.5,call,25727
2026-10-09,242.5,put,2921
2026-10-09,245,call,54229
2026-10-09,245,put,1406
2026-10-09,247.5,call,47848
2026-10-09,247.5,put,441
2026-10-09,250,call,25870
2026-10-09,250,put,477
2026-10-09,252.5,call,16287
2026-10-09,252.5,put,710
2026-10-09,255,call,16618
2026-10-09,255,put,2
2026-10-09,257.5,call,4387
2026-10-09,257.5,put,0
2026-10-09,260,call,12800
2026-10-09,260,put,3
2026-10-09,265,call,10050
2026-10-09,265,put,0
2026-10-09,270,call,3097
2026-10-09,270,put,0
2026-10-09,275,call,1698
2026-10-09,275,put,0
2026-10-09,280,call,2241
2026-10-09,280,put,0
2026-10-09,285,call,1235
2026-10-09,285,put,0
2026-10-09,290,call,638
2026-10-09,290,put,0
2026-10-09,295,call,527
2026-10-09,295,put,0
2026-10-09,300,call,310
2026-10-09,300,put,5
2026-10-09,305,call,307
2026-10-09,305,put,0
2026-10-09,310,call,454
2026-10-09,310,put,0
2026-10-09,315,call,185
2026-10-09,315,put,0
2026-10-09,320,call,30
2026-10-09,320,put,0
2026-10-09,325,call,1050
2026-10-09,325,put,0
2026-10-09,330,call,9
2026-10-09,330,put,0
2026-10-09,335,call,64
2026-10-09,335,put,0
2026-10-09,340,call,2
2026-10-09,340,put,0
2026-10-09,345,call,1
2026-10-09,345,put,0
2026-10-09,350,call,159
2026-10-09,350,put,0
2026-10-09,360,call,10
2026-10-09,360,put,0
2026-10-09,370,call,0
2026-10-09,370,put,0
2026-10-09,380,call,0
2026-10-09,380,put,0
2026-10-09,390,call,4
2026-10-09,390,put,0
2026-10-09,400,call,0
2026-10-09,400,put,0
2026-10-09,410,call,0
2026-10-09,410,put,0
2026-10-09,420,call,0
2026-10-09,420,put,0
2026-10-09,430,call,0
2026-10-09,430,put,0
2026-10-09,440,call,0
2026-10-09,440,put,0
2026-10-09,450,call,0
2026-10-09,450,put,0
2026-10-09,460,call,0
2026-10-09,460,put,0
2026-10-09,470,call,0
2026-10-09,470,put,0
2026-10-09,480,call,0
2026-10-09,480,put,0
2026-10-12,115,call,8
2026-10-12,115,put,253
2026-10-12,120,call,3
2026-10-12,120,put,187
2026-10-12,125,call,2
2026-10-12,125,put,0
2026-10-12,130,call,7
2026-10-12,130,put,0
2026-10-12,135,call,0
2026-10-12,135,put,0
2026-10-12,140,call,0
2026-10-12,140,put,0
2026-10-12,145,call,1
2026-10-12,145,put,14
2026-10-12,150,call,2
2026-10-12,150,put,58
2026-10-12,155,call,1
2026-10-12,155,put,56
2026-10-12,160,call,2
2026-10-12,160,put,30
2026-10-12,165,call,0
2026-10-12,165,put,17
2026-10-12,170,call,5
2026-10-12,170,put,21
2026-10-12,175,call,3
2026-10-12,175,put,17
2026-10-12,180,call,7
2026-10-12,180,put,58
2026-10-12,185,call,5
2026-10-12,185,put,262
2026-10-12,190,call,7
2026-10-12,190,put,42
2026-10-12,195,call,14
2026-10-12,195,put,396
2026-10-12,197.5,call,6
2026-10-12,197.5,put,20
2026-10-12,200,call,65
2026-10-12,200,put,464
2026-10-12,202.5,call,3
2026-10-12,202.5,put,27
2026-10-12,205,call,13
2026-10-12,205,put,68
2026-10-12,207.5,call,20
2026-10-12,207.5,put,77
2026-10-12,210,call,43
2026-10-12,210,put,378
2026-10-12,212.5,call,50
2026-10-12,212.5,put,110
2026-10-12,215,call,63
2026-10-12,215,put,640
2026-10-12,217.5,call,112
2026-10-12,217.5,put,424
2026-10-12,220,call,459
2026-10-12,220,put,2426
2026-10-12,222.5,call,192
2026-10-12,222.5,put,1377
2026-10-12,225,call,402
2026-10-12,225,put,2329
2026-10-12,227.5,call,231
2026-10-12,227.5,put,1383
2026-10-12,230,call,1599
2026-10-12,230,put,2293
2026-10-12,232.5,call,882
2026-10-12,232.5,put,1888
2026-10-12,235,call,1763
2026-10-12,235,put,2143
2026-10-12,237.5,call,3474
2026-10-12,237.5,put,3796
2026-10-12,240,call,7138
2026-10-12,240,put,2774
2026-10-12,242.5,call,2436
2026-10-12,242.5,put,493
2026-10-12,245,call,2496
2026-10-12,245,put,229
2026-10-12,247.5,call,1744
2026-10-12,247.5,put,220
2026-10-12,250,call,3465
2026-10-12,250,put,378
2026-10-12,252.5,call,1888
2026-10-12,252.5,put,167
2026-10-12,255,call,1038
2026-10-12,255,put,208
2026-10-12,257.5,call,2519
2026-10-12,257.5,put,0
2026-10-12,260,call,1806
2026-10-12,260,put,0
2026-10-12,265,call,633
2026-10-12,265,put,0
2026-10-12,270,call,286
2026-10-12,270,put,0
2026-10-12,275,call,123
2026-10-12,275,put,0
2026-10-12,280,call,224
2026-10-12,280,put,0
2026-10-12,285,call,11
2026-10-12,285,put,0
2026-10-12,290,call,1
2026-10-12,290,put,1
2026-10-12,295,call,45
2026-10-12,295,put,0
2026-10-12,300,call,4
2026-10-12,300,put,0
2026-10-14,115,call,0
2026-10-14,115,put,48
2026-10-14,120,call,0
2026-10-14,120,put,0
2026-10-14,125,call,0
2026-10-14,125,put,0
2026-10-14,130,call,0
2026-10-14,130,put,0
2026-10-14,135,call,0
2026-10-14,135,put,53
2026-10-14,140,call,0
2026-10-14,140,put,0
2026-10-14,145,call,0
2026-10-14,145,put,14
2026-10-14,150,call,0
2026-10-14,150,put,9
2026-10-14,155,call,0
2026-10-14,155,put,1
2026-10-14,160,call,0
2026-10-14,160,put,13
2026-10-14,165,call,0
2026-10-14,165,put,16
2026-10-14,170,call,1
2026-10-14,170,put,222
2026-10-14,175,call,0
2026-10-14,175,put,7
2026-10-14,180,call,2
2026-10-14,180,put,15
2026-10-14,185,call,0
2026-10-14,185,put,7
2026-10-14,190,call,0
2026-10-14,190,put,537
2026-10-14,195,call,0
2026-10-14,195,put,128
2026-10-14,197.5,call,5
2026-10-14,197.5,put,15
2026-10-14,200,call,4
2026-10-14,200,put,79
2026-10-14,202.5,call,0
2026-10-14,202.5,put,12
2026-10-14,205,call,2
2026-10-14,205,put,98
2026-10-14,207.5,call,3
2026-10-14,207.5,put,72
2026-10-14,210,call,5
2026-10-14,210,put,392
2026-10-14,212.5,call,2
2026-10-14,212.5,put,34
2026-10-14,215,call,14
2026-10-14,215,put,692
2026-10-14,217.5,call,61
2026-10-14,217.5,put,135
2026-10-14,220,call,125
2026-10-14,220,put,540
2026-10-14,222.5,call,124
2026-10-14,222.5,put,336
2026-10-14,225,call,128
2026-10-14,225,put,791
2026-10-14,227.5,call,196
2026-10-14,227.5,put,246
2026-10-14,230,call,781
2026-10-14,230,put,897
2026-10-14,232.5,call,244
2026-10-14,232.5,put,209
2026-10-14,235,call,565
2026-10-14,235,put,573
2026-10-14,237.5,call,831
2026-10-14,237.5,put,1237
2026-10-14,240,call,1532
2026-10-14,240,put,419
2026-10-14,242.5,call,595
2026-10-14,242.5,put,324
2026-10-14,245,call,1326
2026-10-14,245,put,94
2026-10-14,247.5,call,446
2026-10-14,247.5,put,69
2026-10-14,250,call,1673
2026-10-14,250,put,22
2026-10-14,252.5,call,386
2026-10-14,252.5,put,8
2026-10-14,255,call,1350
2026-10-14,255,put,2
2026-10-14,257.5,call,90
2026-10-14,257.5,put,3
2026-10-14,260,call,2058
2026-10-14,260,put,0
2026-10-14,265,call,146
2026-10-14,265,put,0
2026-10-14,270,call,1063
2026-10-14,270,put,1
2026-10-14,275,call,56
2026-10-14,275,put,0
2026-10-14,280,call,8
2026-10-14,280,put,0
2026-10-14,285,call,32
2026-10-14,285,put,0
2026-10-14,290,call,4
2026-10-14,290,put,0
2026-10-14,295,call,0
2026-10-14,295,put,0
2026-10-14,300,call,0
2026-10-14,300,put,0
2026-10-14,305,call,0
2026-10-14,305,put,0
2026-10-16,2.5,call,0
2026-10-16,2.5,put,0
2026-10-16,5,call,1
2026-10-16,5,put,4024
2026-10-16,7.5,call,0
2026-10-16,7.5,put,0
2026-10-16,10,call,6
2026-10-16,10,put,10
2026-10-16,12.5,call,0
2026-10-16,12.5,put,0
2026-10-16,15,call,3
2026-10-16,15,put,2
2026-10-16,17.5,call,0
2026-10-16,17.5,put,0
2026-10-16,20,call,0
2026-10-16,20,put,502
2026-10-16,22.5,call,0
2026-10-16,22.5,put,0
2026-10-16,25,call,0
2026-10-16,25,put,30
2026-10-16,30,call,7
2026-10-16,30,put,1
2026-10-16,35,call,0
2026-10-16,35,put,40
2026-10-16,40,call,2
2026-10-16,40,put,269
2026-10-16,45,call,24
2026-10-16,45,put,82
2026-10-16,50,call,23
2026-10-16,50,put,1487
2026-10-16,55,call,3
2026-10-16,55,put,7234
2026-10-16,60,call,6
2026-10-16,60,put,1746
2026-10-16,65,call,24
2026-10-16,65,put,8057
2026-10-16,70,call,12
2026-10-16,70,put,8943
2026-10-16,75,call,21
2026-10-16,75,put,363
2026-10-16,80,call,235
2026-10-16,80,put,738
2026-10-16,85,call,23
2026-10-16,85,put,1834
2026-10-16,90,call,142
2026-10-16,90,put,2235
2026-10-16,95,call,59
2026-10-16,95,put,2267
2026-10-16,100,call,141
2026-10-16,100,put,5830
2026-10-16,105,call,77
2026-10-16,105,put,4159
2026-10-16,110,call,237
2026-10-16,110,put,8795
2026-10-16,115,call,75
2026-10-16,115,put,14642
2026-10-16,120,call,213
2026-10-16,120,put,21090
2026-10-16,125,call,288
2026-10-16,125,put,10663
2026-10-16,130,call,290
2026-10-16,130,put,8174
2026-10-16,135,call,270
2026-10-16,135,put,11225
2026-10-16,140,call,513
2026-10-16,140,put,26129
2026-10-16,145,call,1558
2026-10-16,145,put,11816
2026-10-16,150,call,1110
2026-10-16,150,put,27672
2026-10-16,155,call,4659
2026-10-16,155,put,13068
2026-10-16,160,call,5262
2026-10-16,160,put,19195
2026-10-16,165,call,590
2026-10-16,165,put,25564
2026-10-16,170,call,1591
2026-10-16,170,put,31821
2026-10-16,175,call,2375
2026-10-16,175,put,20156
2026-10-16,180,call,93791
2026-10-16,180,put,33881
2026-10-16,185,call,2245
2026-10-16,185,put,23230
2026-10-16,190,call,3336
2026-10-16,190,put,22608
2026-10-16,195,call,6899
2026-10-16,195,put,32732
2026-10-16,197.5,call,24
2026-10-16,197.5,put,1356
2026-10-16,200,call,8659
2026-10-16,200,put,34671
2026-10-16,202.5,call,36
2026-10-16,202.5,put,3777
2026-10-16,205,call,8832
2026-10-16,205,put,27488
2026-10-16,207.5,call,234
2026-10-16,207.5,put,3162
2026-10-16,210,call,16019
2026-10-16,210,put,25976
2026-10-16,212.5,call,552
2026-10-16,212.5,put,2171
2026-10-16,215,call,23675
2026-10-16,215,put,16299
2026-10-16,217.5,call,1128
2026-10-16,217.5,put,3736
2026-10-16,220,call,99820
2026-10-16,220,put,51653
2026-10-16,222.5,call,1910
2026-10-16,222.5,put,2417
2026-10-16,225,call,26953
2026-10-16,225,put,18592
2026-10-16,227.5,call,3550
2026-10-16,227.5,put,4994
2026-10-16,230,call,54452
2026-10-16,230,put,17974
2026-10-16,232.5,call,8950
2026-10-16,232.5,put,2194
2026-10-16,235,call,43493
2026-10-16,235,put,10058
2026-10-16,237.5,call,5894
2026-10-16,237.5,put,3886
2026-10-16,240,call,58106
2026-10-16,240,put,6451
2026-10-16,242.5,call,7300
2026-10-16,242.5,put,5378
2026-10-16,245,call,42958
2026-10-16,245,put,2984
2026-10-16,247.5,call,5690
2026-10-16,247.5,put,289
2026-10-16,250,call,75787
2026-10-16,250,put,2888
2026-10-16,252.5,call,1752
2026-10-16,252.5,put,26
2026-10-16,255,call,26039
2026-10-16,255,put,984
2026-10-16,257.5,call,1158
2026-10-16,257.5,put,20
2026-10-16,260,call,78129
2026-10-16,260,put,51
2026-10-16,265,call,12657
2026-10-16,265,put,8
2026-10-16,270,call,19462
2026-10-16,270,put,0
2026-10-16,275,call,12109
2026-10-16,275,put,1
2026-10-16,280,call,15789
2026-10-16,280,put,0
2026-10-16,285,call,5294
2026-10-16,285,put,1
2026-10-16,290,call,12071
2026-10-16,290,put,0
2026-10-16,295,call,6665
2026-10-16,295,put,0
2026-10-16,300,call,16102
2026-10-16,300,put,1
2026-10-16,305,call,2431
2026-10-16,305,put,0
2026-10-16,310,call,4408
2026-10-16,310,put,0
2026-10-16,315,call,1079
2026-10-16,315,put,0
2026-10-16,320,call,2176
2026-10-16,320,put,0
2026-10-16,325,call,420
2026-10-16,325,put,0
2026-10-16,330,call,2184
2026-10-16,330,put,0
2026-10-16,335,call,958
2026-10-16,335,put,0
2026-10-16,340,call,2416
2026-10-16,340,put,0
2026-10-16,345,call,869
2026-10-16,345,put,0
2026-10-16,350,call,12692
2026-10-16,350,put,0
2026-10-16,355,call,517
2026-10-16,355,put,0
2026-10-16,360,call,4838
2026-10-16,360,put,0
2026-10-16,365,call,1795
2026-10-16,365,put,0
2026-10-16,370,call,2652
2026-10-16,370,put,0
2026-10-16,375,call,1132
2026-10-16,375,put,0
2026-10-16,380,call,2339
2026-10-16,380,put,0
2026-10-16,385,call,741
2026-10-16,385,put,0
2026-10-16,390,call,1838
2026-10-16,390,put,0
2026-10-16,395,call,566
2026-10-16,395,put,0
2026-10-16,400,call,8331
2026-10-16,400,put,1
2026-10-16,405,call,870
2026-10-16,405,put,0
2026-10-16,410,call,1586
2026-10-16,410,put,0
2026-10-16,415,call,445
2026-10-16,415,put,0
2026-10-16,420,call,930
2026-10-16,420,put,0
2026-10-16,425,call,40
2026-10-16,425,put,0
2026-10-16,430,call,335
2026-10-16,430,put,0
2026-10-16,435,call,534
2026-10-16,435,put,0
2026-10-16,440,call,775
2026-10-16,440,put,0
2026-10-16,450,call,859
2026-10-16,450,put,0
2026-10-16,455,call,752
2026-10-16,455,put,0
2026-10-16,460,call,17134
2026-10-16,460,put,0
2026-10-16,470,call,0
2026-10-16,470,put,0
2026-10-16,480,call,0
2026-10-16,480,put,0
2026-10-19,120,call,0
2026-10-19,120,put,0
2026-10-19,125,call,0
2026-10-19,125,put,0
2026-10-19,130,call,0
2026-10-19,130,put,0
2026-10-19,135,call,0
2026-10-19,135,put,0
2026-10-19,140,call,0
2026-10-19,140,put,0
2026-10-19,145,call,0
2026-10-19,145,put,0
2026-10-19,150,call,0
2026-10-19,150,put,0
2026-10-19,155,call,0
2026-10-19,155,put,0
2026-10-19,160,call,1
2026-10-19,160,put,5
2026-10-19,165,call,0
2026-10-19,165,put,0
2026-10-19,170,call,0
2026-10-19,170,put,1
2026-10-19,175,call,0
2026-10-19,175,put,3
2026-10-19,180,call,0
2026-10-19,180,put,14
2026-10-19,185,call,0
2026-10-19,185,put,12
2026-10-19,190,call,0
2026-10-19,190,put,49
2026-10-19,195,call,0
2026-10-19,195,put,12
2026-10-19,197.5,call,0
2026-10-19,197.5,put,0
2026-10-19,200,call,2
2026-10-19,200,put,25
2026-10-19,202.5,call,0
2026-10-19,202.5,put,0
2026-10-19,205,call,0
2026-10-19,205,put,2
2026-10-19,207.5,call,10
2026-10-19,207.5,put,0
2026-10-19,210,call,1
2026-10-19,210,put,31
2026-10-19,212.5,call,0
2026-10-19,212.5,put,46
2026-10-19,215,call,6
2026-10-19,215,put,495
2026-10-19,217.5,call,12
2026-10-19,217.5,put,13
2026-10-19,220,call,2
2026-10-19,220,put,348
2026-10-19,222.5,call,14
2026-10-19,222.5,put,21
2026-10-19,225,call,2
2026-10-19,225,put,217
2026-10-19,227.5,call,5
2026-10-19,227.5,put,52
2026-10-19,230,call,38
2026-10-19,230,put,272
2026-10-19,232.5,call,8
2026-10-19,232.5,put,40
2026-10-19,235,call,100
2026-10-19,235,put,343
2026-10-19,237.5,call,52
2026-10-19,237.5,put,27
2026-10-19,240,call,499
2026-10-19,240,put,112
2026-10-19,242.5,call,213
2026-10-19,242.5,put,51
2026-10-19,245,call,499
2026-10-19,245,put,41
2026-10-19,247.5,call,43
2026-10-19,247.5,put,2
2026-10-19,250,call,371
2026-10-19,250,put,3
2026-10-19,252.5,call,25
2026-10-19,252.5,put,0
2026-10-19,255,call,223
2026-10-19,255,put,0
2026-10-19,257.5,call,78
2026-10-19,257.5,put,0
2026-10-19,260,call,154
2026-10-19,260,put,0
2026-10-19,265,call,70
2026-10-19,265,put,0
2026-10-19,270,call,511
2026-10-19,270,put,0
2026-10-19,275,call,13
2026-10-19,275,put,0
2026-10-19,280,call,80
2026-10-19,280,put,0
2026-10-19,285,call,1
2026-10-19,285,put,0
2026-10-19,290,call,2
2026-10-19,290,put,0
2026-10-19,295,call,0
2026-10-19,295,put,0
2026-10-19,300,call,10
2026-10-19,300,put,0
2026-10-19,305,call,0
2026-10-19,305,put,0
2026-10-21,165,call,0
2026-10-21,165,put,2
2026-10-21,170,call,0
2026-10-21,170,put,1
2026-10-21,175,call,0
2026-10-21,175,put,0
2026-10-21,180,call,0
2026-10-21,180,put,0
2026-10-21,185,call,0
2026-10-21,185,put,1
2026-10-21,190,call,0
2026-10-21,190,put,1
2026-10-21,195,call,0
2026-10-21,195,put,0
2026-10-21,200,call,0
2026-10-21,200,put,0
2026-10-21,205,call,0
2026-10-21,205,put,1
2026-10-21,210,call,7
2026-10-21,210,put,0
2026-10-21,215,call,1
2026-10-21,215,put,5
2026-10-21,220,call,0
2026-10-21,220,put,11
2026-10-21,225,call,1
2026-10-21,225,put,20
2026-10-21,230,call,3
2026-10-21,230,put,126
2026-10-21,235,call,17
2026-10-21,235,put,22
2026-10-21,240,call,143
2026-10-21,240,put,28
2026-10-21,245,call,186
2026-10-21,245,put,11
2026-10-21,250,call,175
2026-10-21,250,put,2
2026-10-21,255,call,239
2026-10-21,255,put,1
2026-10-21,260,call,47
2026-10-21,260,put,1
2026-10-21,265,call,8
2026-10-21,265,put,0
2026-10-21,270,call,0
2026-10-21,270,put,0
2026-10-21,275,call,0
2026-10-21,275,put,0
2026-10-21,280,call,27
2026-10-21,280,put,0
2026-10-21,285,call,1
2026-10-21,285,put,0
2026-10-21,290,call,3
2026-10-21,290,put,0
2026-10-21,295,call,1
2026-10-21,295,put,0
2026-10-21,300,call,0
2026-10-21,300,put,0
2026-10-21,305,call,1
2026-10-21,305,put,0
2026-10-23,50,call,0
2026-10-23,50,put,17
2026-10-23,55,call,0
2026-10-23,55,put,0
2026-10-23,60,call,0
2026-10-23,60,put,0
2026-10-23,65,call,0
2026-10-23,65,put,0
2026-10-23,70,call,0
2026-10-23,70,put,0
2026-10-23,75,call,2
2026-10-23,75,put,24
2026-10-23,80,call,0
2026-10-23,80,put,959
2026-10-23,85,call,2
2026-10-23,85,put,97
2026-10-23,90,call,5
2026-10-23,90,put,33
2026-10-23,95,call,0
2026-10-23,95,put,101
2026-10-23,100,call,11
2026-10-23,100,put,51
2026-10-23,105,call,2
2026-10-23,105,put,783
2026-10-23,110,call,8
2026-10-23,110,put,18
2026-10-23,115,call,1
2026-10-23,115,put,5327
2026-10-23,120,call,89
2026-10-23,120,put,6699
2026-10-23,125,call,0
2026-10-23,125,put,1572
2026-10-23,130,call,9
2026-10-23,130,put,141
2026-10-23,135,call,6
2026-10-23,135,put,105
2026-10-23,140,call,26
2026-10-23,140,put,1438
2026-10-23,145,call,1
2026-10-23,145,put,60
2026-10-23,150,call,44
2026-10-23,150,put,775
2026-10-23,155,call,8
2026-10-23,155,put,318
2026-10-23,160,call,12
2026-10-23,160,put,309
2026-10-23,165,call,12
2026-10-23,165,put,838
2026-10-23,170,call,20
2026-10-23,170,put,1048
2026-10-23,175,call,62
2026-10-23,175,put,602
2026-10-23,180,call,108
2026-10-23,180,put,1516
2026-10-23,185,call,24
2026-10-23,185,put,2489
2026-10-23,190,call,227
2026-10-23,190,put,3091
2026-10-23,195,call,149
2026-10-23,195,put,2175
2026-10-23,200,call,208
2026-10-23,200,put,5004
2026-10-23,205,call,327
2026-10-23,205,put,7939
2026-10-23,210,call,1359
2026-10-23,210,put,6707
2026-10-23,212.5,call,2
2026-10-23,212.5,put,913
2026-10-23,215,call,1614
2026-10-23,215,put,4715
2026-10-23,217.5,call,4
2026-10-23,217.5,put,521
2026-10-23,220,call,2550
2026-10-23,220,put,4302
2026-10-23,222.5,call,143
2026-10-23,222.5,put,192
2026-10-23,225,call,4717
2026-10-23,225,put,6343
2026-10-23,227.5,call,68
2026-10-23,227.5,put,482
2026-10-23,230,call,4738
2026-10-23,230,put,2570
2026-10-23,232.5,call,92
2026-10-23,232.5,put,487
2026-10-23,235,call,10286
2026-10-23,235,put,3800
2026-10-23,237.5,call,251
2026-10-23,237.5,put,1061
2026-10-23,240,call,52734
2026-10-23,240,put,5487
2026-10-23,242.5,call,983
2026-10-23,242.5,put,326
2026-10-23,245,call,12922
2026-10-23,245,put,212
2026-10-23,247.5,call,411
2026-10-23,247.5,put,25
2026-10-23,250,call,9613
2026-10-23,250,put,1146
2026-10-23,252.5,call,947
2026-10-23,252.5,put,43
2026-10-23,255,call,5622
2026-10-23,255,put,122
2026-10-23,257.5,call,759
2026-10-23,257.5,put,3
2026-10-23,260,call,6943
2026-10-23,260,put,20
2026-10-23,265,call,1358
2026-10-23,265,put,2
2026-10-23,270,call,1678
2026-10-23,270,put,0
2026-10-23,275,call,2388
2026-10-23,275,put,0
2026-10-23,280,call,504
2026-10-23,280,put,10
2026-10-23,285,call,351
2026-10-23,285,put,0
2026-10-23,290,call,347
2026-10-23,290,put,0
2026-10-23,295,call,313
2026-10-23,295,put,0
2026-10-23,300,call,404
2026-10-23,300,put,0
2026-10-23,305,call,86
2026-10-23,305,put,0
2026-10-23,310,call,1082
2026-10-23,310,put,0
2026-10-23,315,call,73
2026-10-23,315,put,0
2026-10-23,320,call,258
2026-10-23,320,put,0
2026-10-23,325,call,236
2026-10-23,325,put,0
2026-10-23,330,call,25
2026-10-23,330,put,0
2026-10-23,335,call,32
2026-10-23,335,put,0
2026-10-23,340,call,125
2026-10-23,340,put,0
2026-10-23,345,call,56
2026-10-23,345,put,0
2026-10-23,350,call,12
2026-10-23,350,put,0
2026-10-23,360,call,53
2026-10-23,360,put,0
2026-10-23,370,call,38
2026-10-23,370,put,0
2026-10-23,380,call,0
2026-10-23,380,put,0
2026-10-23,390,call,6
2026-10-23,390,put,0
2026-10-23,400,call,0
2026-10-23,400,put,0
2026-10-23,410,call,0
2026-10-23,410,put,0
2026-10-23,420,call,0
2026-10-23,420,put,0
2026-10-23,430,call,0
2026-10-23,430,put,0
2026-10-23,440,call,0
2026-10-23,440,put,0
2026-10-23,450,call,0
2026-10-23,450,put,0
2026-10-23,460,call,0
2026-10-23,460,put,0
2026-10-23,470,call,0
2026-10-23,470,put,0
2026-10-23,480,call,0
2026-10-23,480,put,0
2026-10-30,50,call,0
2026-10-30,50,put,6
2026-10-30,55,call,0
2026-10-30,55,put,0
2026-10-30,60,call,1
2026-10-30,60,put,0
2026-10-30,65,call,0
2026-10-30,65,put,10
2026-10-30,70,call,10
2026-10-30,70,put,4
2026-10-30,75,call,1
2026-10-30,75,put,0
2026-10-30,80,call,0
2026-10-30,80,put,3
2026-10-30,85,call,4
2026-10-30,85,put,21
2026-10-30,90,call,5
2026-10-30,90,put,2
2026-10-30,95,call,2
2026-10-30,95,put,13
2026-10-30,100,call,101
2026-10-30,100,put,70
2026-10-30,105,call,2
2026-10-30,105,put,53
2026-10-30,110,call,0
2026-10-30,110,put,27
2026-10-30,115,call,1
2026-10-30,115,put,2
2026-10-30,120,call,10
2026-10-30,120,put,504
2026-10-30,125,call,14
2026-10-30,125,put,1172
2026-10-30,130,call,1
2026-10-30,130,put,199
2026-10-30,135,call,12
2026-10-30,135,put,2223
2026-10-30,140,call,11
2026-10-30,140,put,65
2026-10-30,145,call,20
2026-10-30,145,put,50
2026-10-30,150,call,56
2026-10-30,150,put,411
2026-10-30,155,call,14
2026-10-30,155,put,243
2026-10-30,160,call,42
2026-10-30,160,put,396
2026-10-30,165,call,5
2026-10-30,165,put,202
2026-10-30,170,call,22
2026-10-30,170,put,1001
2026-10-30,175,call,36
2026-10-30,175,put,961
2026-10-30,180,call,44
2026-10-30,180,put,877
2026-10-30,185,call,16
2026-10-30,185,put,805
2026-10-30,190,call,210
2026-10-30,190,put,1933
2026-10-30,195,call,179
2026-10-30,195,put,2468
2026-10-30,200,call,935
2026-10-30,200,put,9216
2026-10-30,205,call,484
2026-10-30,205,put,3665
2026-10-30,210,call,911
2026-10-30,210,put,5784
2026-10-30,215,call,908
2026-10-30,215,put,5111
2026-10-30,220,call,1978
2026-10-30,220,put,6496
2026-10-30,225,call,5593
2026-10-30,225,put,5885
2026-10-30,230,call,6102
2026-10-30,230,put,4364
2026-10-30,235,call,6190
2026-10-30,235,put,3296
2026-10-30,240,call,11932
2026-10-30,240,put,2537
2026-10-30,245,call,11174
2026-10-30,245,put,296
2026-10-30,250,call,14676
2026-10-30,250,put,181
2026-10-30,255,call,11345
2026-10-30,255,put,17
2026-10-30,260,call,8805
2026-10-30,260,put,105
2026-10-30,265,call,2650
2026-10-30,265,put,80
2026-10-30,270,call,10777
2026-10-30,270,put,5
2026-10-30,275,call,1788
2026-10-30,275,put,0
2026-10-30,280,call,2169
2026-10-30,280,put,10
2026-10-30,285,call,665
2026-10-30,285,put,2
2026-10-30,290,call,1206
2026-10-30,290,put,0
2026-10-30,295,call,118
2026-10-30,295,put,0
2026-10-30,300,call,845
2026-10-30,300,put,0
2026-10-30,305,call,253
2026-10-30,305,put,0
2026-10-30,310,call,8
2026-10-30,310,put,0
2026-10-30,315,call,49
2026-10-30,315,put,0
2026-10-30,320,call,32
2026-10-30,320,put,0
2026-10-30,325,call,57
2026-10-30,325,put,0
2026-10-30,330,call,61
2026-10-30,330,put,0
2026-10-30,335,call,5
2026-10-30,335,put,0
2026-10-30,340,call,53
2026-10-30,340,put,0
2026-10-30,345,call,26
2026-10-30,345,put,0
2026-10-30,350,call,71
2026-10-30,350,put,0
2026-10-30,360,call,81
2026-10-30,360,put,0
2026-10-30,370,call,0
2026-10-30,370,put,0
2026-10-30,380,call,0
2026-10-30,380,put,0
2026-10-30,390,call,132
2026-10-30,390,put,0
2026-10-30,400,call,15
2026-10-30,400,put,0
2026-10-30,410,call,0
2026-10-30,410,put,0
2026-10-30,420,call,0
2026-10-30,420,put,0
2026-10-30,430,call,0
2026-10-30,430,put,0
2026-10-30,440,call,0
2026-10-30,440,put,0
2026-10-30,450,call,0
2026-10-30,450,put,0
2026-10-30,460,call,0
2026-10-30,460,put,0
2026-10-30,470,call,0
2026-10-30,470,put,0
2026-10-30,480,call,0
2026-10-30,480,put,0
2026-11-06,50,call,0
2026-11-06,50,put,5
2026-11-06,55,call,0
2026-11-06,55,put,0
2026-11-06,60,call,0
2026-11-06,60,put,0
2026-11-06,65,call,0
2026-11-06,65,put,0
2026-11-06,70,call,0
2026-11-06,70,put,1
2026-11-06,75,call,0
2026-11-06,75,put,5
2026-11-06,80,call,0
2026-11-06,80,put,0
2026-11-06,85,call,0
2026-11-06,85,put,0
2026-11-06,90,call,0
2026-11-06,90,put,1
2026-11-06,95,call,0
2026-11-06,95,put,8
2026-11-06,100,call,0
2026-11-06,100,put,25
2026-11-06,105,call,0
2026-11-06,105,put,11
2026-11-06,110,call,0
2026-11-06,110,put,0
2026-11-06,115,call,7
2026-11-06,115,put,0
2026-11-06,120,call,1
2026-11-06,120,put,45
2026-11-06,125,call,1
2026-11-06,125,put,54
2026-11-06,130,call,1
2026-11-06,130,put,18
2026-11-06,135,call,1
2026-11-06,135,put,1
2026-11-06,140,call,0
2026-11-06,140,put,4
2026-11-06,145,call,2
2026-11-06,145,put,4
2026-11-06,150,call,11
2026-11-06,150,put,35
2026-11-06,155,call,1
2026-11-06,155,put,90
2026-11-06,160,call,0
2026-11-06,160,put,82
2026-11-06,165,call,9
2026-11-06,165,put,104
2026-11-06,170,call,1
2026-11-06,170,put,175
2026-11-06,175,call,6
2026-11-06,175,put,834
2026-11-06,180,call,4
2026-11-06,180,put,264
2026-11-06,185,call,3
2026-11-06,185,put,247
2026-11-06,190,call,3
2026-11-06,190,put,457
2026-11-06,195,call,101
2026-11-06,195,put,2117
2026-11-06,200,call,92
2026-11-06,200,put,3550
2026-11-06,205,call,84
2026-11-06,205,put,3430
2026-11-06,210,call,153
2026-11-06,210,put,2198
2026-11-06,215,call,115
2026-11-06,215,put,1556
2026-11-06,220,call,380
2026-11-06,220,put,1536
2026-11-06,225,call,503
2026-11-06,225,put,2371
2026-11-06,230,call,2268
2026-11-06,230,put,2211
2026-11-06,235,call,2467
2026-11-06,235,put,1657
2026-11-06,240,call,3714
2026-11-06,240,put,3076
2026-11-06,245,call,2210
2026-11-06,245,put,245
2026-11-06,250,call,11345
2026-11-06,250,put,247
2026-11-06,255,call,7971
2026-11-06,255,put,70
2026-11-06,260,call,6408
2026-11-06,260,put,38
2026-11-06,265,call,3650
2026-11-06,265,put,8
2026-11-06,270,call,1405
2026-11-06,270,put,6
2026-11-06,275,call,654
2026-11-06,275,put,0
2026-11-06,280,call,537
2026-11-06,280,put,10
2026-11-06,285,call,955
2026-11-06,285,put,0
2026-11-06,290,call,1726
2026-11-06,290,put,0
2026-11-06,295,call,273
2026-11-06,295,put,0
2026-11-06,300,call,554
2026-11-06,300,put,0
2026-11-06,305,call,11
2026-11-06,305,put,0
2026-11-06,310,call,4
2026-11-06,310,put,0
2026-11-06,315,call,0
2026-11-06,315,put,0
2026-11-06,320,call,8
2026-11-06,320,put,0
2026-11-06,325,call,0
2026-11-06,325,put,0
2026-11-06,330,call,1
2026-11-06,330,put,0
2026-11-06,335,call,0
2026-11-06,335,put,0
2026-11-06,340,call,3
2026-11-06,340,put,0
2026-11-06,345,call,5
2026-11-06,345,put,0
2026-11-06,350,call,0
2026-11-06,350,put,0
2026-11-06,360,call,100
2026-11-06,360,put,0
2026-11-06,370,call,0
2026-11-06,370,put,0
2026-11-06,380,call,0
2026-11-06,380,put,0
2026-11-06,390,call,9
2026-11-06,390,put,0
2026-11-06,400,call,0
2026-11-06,400,put,0
2026-11-06,410,call,0
2026-11-06,410,put,0
2026-11-06,420,call,0
2026-11-06,420,put,0
2026-11-06,430,call,0
2026-11-06,430,put,0
2026-11-06,440,call,0
2026-11-06,440,put,0
2026-11-06,450,call,0
2026-11-06,450,put,0
2026-11-06,460,call,0
2026-11-06,460,put,0
2026-11-06,470,call,0
2026-11-06,470,put,0
2026-11-06,480,call,0
2026-11-06,480,put,0
2026-11-13,50,call,0
2026-11-13,50,put,0
2026-11-13,55,call,0
2026-11-13,55,put,0
2026-11-13,60,call,0
2026-11-13,60,put,0
2026-11-13,65,call,0
2026-11-13,65,put,0
2026-11-13,70,call,0
2026-11-13,70,put,0
2026-11-13,75,call,0
2026-11-13,75,put,0
2026-11-13,80,call,0
2026-11-13,80,put,0
2026-11-13,85,call,0
2026-11-13,85,put,0
2026-11-13,90,call,0
2026-11-13,90,put,0
2026-11-13,95,call,0
2026-11-13,95,put,0
2026-11-13,100,call,0
2026-11-13,100,put,0
2026-11-13,105,call,0
2026-11-13,105,put,0
2026-11-13,110,call,0
2026-11-13,110,put,0
2026-11-13,115,call,0
2026-11-13,115,put,0
2026-11-13,120,call,0
2026-11-13,120,put,0
2026-11-13,125,call,5
2026-11-13,125,put,3
2026-11-13,130,call,0
2026-11-13,130,put,2
2026-11-13,135,call,0
2026-11-13,135,put,7
2026-11-13,140,call,0
2026-11-13,140,put,3
2026-11-13,145,call,0
2026-11-13,145,put,3
2026-11-13,150,call,1
2026-11-13,150,put,6
2026-11-13,155,call,1
2026-11-13,155,put,5
2026-11-13,160,call,0
2026-11-13,160,put,45
2026-11-13,165,call,4
2026-11-13,165,put,90
2026-11-13,170,call,2
2026-11-13,170,put,821
2026-11-13,175,call,0
2026-11-13,175,put,80
2026-11-13,180,call,3
2026-11-13,180,put,97
2026-11-13,185,call,3
2026-11-13,185,put,160
2026-11-13,190,call,7
2026-11-13,190,put,326
2026-11-13,195,call,6
2026-11-13,195,put,136
2026-11-13,200,call,38
2026-11-13,200,put,517
2026-11-13,205,call,3
2026-11-13,205,put,313
2026-11-13,210,call,29
2026-11-13,210,put,537
2026-11-13,215,call,220
2026-11-13,215,put,483
2026-11-13,220,call,235
2026-11-13,220,put,1030
2026-11-13,225,call,137
2026-11-13,225,put,925
2026-11-13,230,call,1485
2026-11-13,230,put,3479
2026-11-13,235,call,771
2026-11-13,235,put,2780
2026-11-13,240,call,2243
2026-11-13,240,put,343
2026-11-13,245,call,4009
2026-11-13,245,put,230
2026-11-13,250,call,3964
2026-11-13,250,put,93
2026-11-13,255,call,2308
2026-11-13,255,put,34
2026-11-13,260,call,4888
2026-11-13,260,put,23
2026-11-13,265,call,1184
2026-11-13,265,put,0
2026-11-13,270,call,1122
2026-11-13,270,put,1
2026-11-13,275,call,890
2026-11-13,275,put,12
2026-11-13,280,call,767
2026-11-13,280,put,0
2026-11-13,285,call,143
2026-11-13,285,put,0
2026-11-13,290,call,205
2026-11-13,290,put,0
2026-11-13,295,call,246
2026-11-13,295,put,0
2026-11-13,300,call,128
2026-11-13,300,put,0
2026-11-13,305,call,6
2026-11-13,305,put,0
2026-11-13,310,call,15
2026-11-13,310,put,0
2026-11-13,315,call,13
2026-11-13,315,put,0
2026-11-13,320,call,5
2026-11-13,320,put,0
2026-11-13,325,call,6
2026-11-13,325,put,0
2026-11-13,330,call,1
2026-11-13,330,put,0
2026-11-13,335,call,0
2026-11-13,335,put,0
2026-11-13,340,call,27
2026-11-13,340,put,0
2026-11-13,345,call,61
2026-11-13,345,put,0
2026-11-13,350,call,19
2026-11-13,350,put,0
2026-11-13,360,call,2
2026-11-13,360,put,0
2026-11-13,370,call,0
2026-11-13,370,put,0
2026-11-13,380,call,0
2026-11-13,380,put,0
2026-11-13,390,call,0
2026-11-13,390,put,0
2026-11-13,400,call,0
2026-11-13,400,put,0
2026-11-13,410,call,0
2026-11-13,410,put,0
2026-11-13,420,call,0
2026-11-13,420,put,0
2026-11-13,430,call,0
2026-11-13,430,put,0
2026-11-13,440,call,0
2026-11-13,440,put,0
2026-11-13,450,call,0
2026-11-13,450,put,0
2026-11-13,460,call,0
2026-11-13,460,put,0
2026-11-13,470,call,0
2026-11-13,470,put,0
2026-11-13,480,call,0
2026-11-13,480,put,0
2026-11-20,2.5,call,0
2026-11-20,2.5,put,0
2026-11-20,5,call,42
2026-11-20,5,put,0
2026-11-20,7.5,call,0
2026-11-20,7.5,put,0
2026-11-20,10,call,0
2026-11-20,10,put,10
2026-11-20,12.5,call,0
2026-11-20,12.5,put,0
2026-11-20,15,call,0
2026-11-20,15,put,0
2026-11-20,17.5,call,0
2026-11-20,17.5,put,0
2026-11-20,20,call,1
2026-11-20,20,put,0
2026-11-20,22.5,call,0
2026-11-20,22.5,put,0
2026-11-20,25,call,0
2026-11-20,25,put,0
2026-11-20,30,call,0
2026-11-20,30,put,0
2026-11-20,35,call,0
2026-11-20,35,put,0
2026-11-20,40,call,0
2026-11-20,40,put,1
2026-11-20,45,call,0
2026-11-20,45,put,10
2026-11-20,50,call,31
2026-11-20,50,put,4049
2026-11-20,55,call,10
2026-11-20,55,put,379
2026-11-20,60,call,48
2026-11-20,60,put,300
2026-11-20,65,call,50
2026-11-20,65,put,136
2026-11-20,70,call,33
2026-11-20,70,put,363
2026-11-20,75,call,15
2026-11-20,75,put,404
2026-11-20,80,call,43
2026-11-20,80,put,1291
2026-11-20,85,call,46
2026-11-20,85,put,707
2026-11-20,90,call,80
2026-11-20,90,put,443
2026-11-20,95,call,52
2026-11-20,95,put,785
2026-11-20,100,call,299
2026-11-20,100,put,8798
2026-11-20,105,call,241
2026-11-20,105,put,482
2026-11-20,110,call,231
2026-11-20,110,put,3776
2026-11-20,115,call,340
2026-11-20,115,put,6700
2026-11-20,120,call,372
2026-11-20,120,put,5384
2026-11-20,125,call,276
2026-11-20,125,put,6752
2026-11-20,130,call,400
2026-11-20,130,put,6921
2026-11-20,135,call,441
2026-11-20,135,put,11489
2026-11-20,140,call,1554
2026-11-20,140,put,9497
2026-11-20,145,call,370
2026-11-20,145,put,8083
2026-11-20,150,call,998
2026-11-20,150,put,21548
2026-11-20,155,call,1921
2026-11-20,155,put,9831
2026-11-20,160,call,1245
2026-11-20,160,put,21434
2026-11-20,165,call,1733
2026-11-20,165,put,11207
2026-11-20,170,call,1962
2026-11-20,170,put,24113
2026-11-20,175,call,2323
2026-11-20,175,put,24048
2026-11-20,180,call,7180
2026-11-20,180,put,32646
2026-11-20,185,call,3479
2026-11-20,185,put,13312
2026-11-20,190,call,3726
2026-11-20,190,put,29201
2026-11-20,195,call,3893
2026-11-20,195,put,21767
2026-11-20,200,call,25248
2026-11-20,200,put,51773
2026-11-20,205,call,5816
2026-11-20,205,put,12465
2026-11-20,210,call,76797
2026-11-20,210,put,26845
2026-11-20,215,call,11882
2026-11-20,215,put,28381
2026-11-20,220,call,17807
2026-11-20,220,put,18683
2026-11-20,225,call,15486
2026-11-20,225,put,14893
2026-11-20,230,call,58306
2026-11-20,230,put,12055
2026-11-20,235,call,17037
2026-11-20,235,put,4411
2026-11-20,240,call,34491
2026-11-20,240,put,7495
2026-11-20,245,call,97424
2026-11-20,245,put,2381
2026-11-20,250,call,45562
2026-11-20,250,put,2496
2026-11-20,255,call,19639
2026-11-20,255,put,387
2026-11-20,260,call,30412
2026-11-20,260,put,1414
2026-11-20,265,call,18741
2026-11-20,265,put,843
2026-11-20,270,call,25896
2026-11-20,270,put,630
2026-11-20,275,call,35808
2026-11-20,275,put,135
2026-11-20,280,call,15851
2026-11-20,280,put,54
2026-11-20,285,call,5871
2026-11-20,285,put,95
2026-11-20,290,call,5401
2026-11-20,290,put,6
2026-11-20,295,call,71790
2026-11-20,295,put,0
2026-11-20,300,call,13454
2026-11-20,300,put,0
2026-11-20,305,call,3038
2026-11-20,305,put,0
2026-11-20,310,call,3558
2026-11-20,310,put,0
2026-11-20,315,call,165
2026-11-20,315,put,0
2026-11-20,320,call,2334
2026-11-20,320,put,0
2026-11-20,325,call,154
2026-11-20,325,put,0
2026-11-20,330,call,2288
2026-11-20,330,put,0
2026-11-20,335,call,79
2026-11-20,335,put,0
2026-11-20,340,call,1709
2026-11-20,340,put,1
2026-11-20,345,call,25
2026-11-20,345,put,0
2026-11-20,350,call,1358
2026-11-20,350,put,0
2026-11-20,355,call,19
2026-11-20,355,put,0
2026-11-20,360,call,2532
2026-11-20,360,put,0
2026-11-20,365,call,120
2026-11-20,365,put,0
2026-11-20,370,call,2180
2026-11-20,370,put,0
2026-11-20,375,call,147
2026-11-20,375,put,0
2026-11-20,380,call,1667
2026-11-20,380,put,0
2026-11-20,385,call,2
2026-11-20,385,put,0
2026-11-20,390,call,532
2026-11-20,390,put,0
2026-11-20,395,call,3
2026-11-20,395,put,0
2026-11-20,400,call,12157
2026-11-20,400,put,0
2026-11-20,405,call,91
2026-11-20,405,put,0
2026-11-20,410,call,1274
2026-11-20,410,put,0
2026-11-20,415,call,20
2026-11-20,415,put,0
2026-11-20,420,call,607
2026-11-20,420,put,0
2026-11-20,425,call,25
2026-11-20,425,put,0
2026-11-20,430,call,398
2026-11-20,430,put,0
2026-11-20,440,call,846
2026-11-20,440,put,0
2026-11-20,450,call,533
2026-11-20,450,put,0
2026-11-20,455,call,3350
2026-11-20,455,put,0
2026-11-20,460,call,6893
2026-11-20,460,put,0
2026-11-20,470,call,0
2026-11-20,470,put,0
2026-11-20,480,call,35
2026-11-20,480,put,0
2026-12-18,0.5,call,683
2026-12-18,0.5,put,31542
2026-12-18,1,call,31
2026-12-18,1,put,5945
2026-12-18,1.5,call,0
2026-12-18,1.5,put,490
2026-12-18,2,call,0
2026-12-18,2,put,3366
2026-12-18,2.5,call,0
2026-12-18,2.5,put,4768
2026-12-18,3,call,0
2026-12-18,3,put,1652
2026-12-18,3.5,call,0
2026-12-18,3.5,put,198
2026-12-18,4,call,4
2026-12-18,4,put,725
2026-12-18,4.5,call,0
2026-12-18,4.5,put,1079
2026-12-18,5,call,1
2026-12-18,5,put,2552
2026-12-18,6,call,0
2026-12-18,6,put,852
2026-12-18,7,call,0
2026-12-18,7,put,1077
2026-12-18,8,call,0
2026-12-18,8,put,891
2026-12-18,9,call,0
2026-12-18,9,put,1198
2026-12-18,10,call,34
2026-12-18,10,put,12618
2026-12-18,11,call,0
2026-12-18,11,put,2415
2026-12-18,12,call,143
2026-12-18,12,put,215
2026-12-18,13,call,2
2026-12-18,13,put,13051
2026-12-18,14,call,1
2026-12-18,14,put,660
2026-12-18,15,call,362
2026-12-18,15,put,7670
2026-12-18,16,call,135
2026-12-18,16,put,621
2026-12-18,17,call,216
2026-12-18,17,put,2815
2026-12-18,18,call,141
2026-12-18,18,put,1550
2026-12-18,19,call,172
2026-12-18,19,put,407
2026-12-18,20,call,12978
2026-12-18,20,put,19301
2026-12-18,21,call,3788
2026-12-18,21,put,752
2026-12-18,22,call,3591
2026-12-18,22,put,2262
2026-12-18,23,call,325
2026-12-18,23,put,872
2026-12-18,24,call,653
2026-12-18,24,put,804
2026-12-18,25,call,1251
2026-12-18,25,put,30133
2026-12-18,26,call,662
2026-12-18,26,put,1235
2026-12-18,27,call,1017
2026-12-18,27,put,1304
2026-12-18,28,call,532
2026-12-18,28,put,4781
2026-12-18,29,call,560
2026-12-18,29,put,798
2026-12-18,30,call,1855
2026-12-18,30,put,5493
2026-12-18,31,call,979
2026-12-18,31,put,1414
2026-12-18,32,call,2460
2026-12-18,32,put,2313
2026-12-18,33,call,342
2026-12-18,33,put,2722
2026-12-18,34,call,361
2026-12-18,34,put,1923
2026-12-18,35,call,2221
2026-12-18,35,put,7151
2026-12-18,36,call,265
2026-12-18,36,put,11213
2026-12-18,37,call,336
2026-12-18,37,put,1029
2026-12-18,38,call,948
2026-12-18,38,put,973
2026-12-18,39,call,1272
2026-12-18,39,put,455
2026-12-18,40,call,1763
2026-12-18,40,put,7279
2026-12-18,41,call,875
2026-12-18,41,put,1327
2026-12-18,42,call,1155
2026-12-18,42,put,640
2026-12-18,43,call,796
2026-12-18,43,put,874
2026-12-18,44,call,648
2026-12-18,44,put,1576
2026-12-18,45,call,592
2026-12-18,45,put,12972
2026-12-18,46,call,908
2026-12-18,46,put,1885
2026-12-18,47,call,303
2026-12-18,47,put,2766
2026-12-18,48,call,542
2026-12-18,48,put,1603
2026-12-18,49,call,2620
2026-12-18,49,put,1940
2026-12-18,50,call,6110
2026-12-18,50,put,13315
2026-12-18,51,call,1792
2026-12-18,51,put,2035
2026-12-18,52,call,1048
2026-12-18,52,put,1121
2026-12-18,53,call,1035
2026-12-18,53,put,745
2026-12-18,54,call,549
2026-12-18,54,put,1894
2026-12-18,55,call,2452
2026-12-18,55,put,8430
2026-12-18,56,call,933
2026-12-18,56,put,1934
2026-12-18,57,call,732
2026-12-18,57,put,5467
2026-12-18,58,call,701
2026-12-18,58,put,5132
2026-12-18,59,call,7249
2026-12-18,59,put,419
2026-12-18,60,call,3416
2026-12-18,60,put,13548
2026-12-18,61,call,563
2026-12-18,61,put,1997
2026-12-18,62,call,972
2026-12-18,62,put,1230
2026-12-18,63,call,2169
2026-12-18,63,put,686
2026-12-18,64,call,1053
2026-12-18,64,put,1747
2026-12-18,65,call,2136
2026-12-18,65,put,15687
2026-12-18,66,call,854
2026-12-18,66,put,474
2026-12-18,67,call,756
2026-12-18,67,put,1238
2026-12-18,68,call,1109
2026-12-18,68,put,4391
2026-12-18,69,call,4982
2026-12-18,69,put,1557
2026-12-18,70,call,4010
2026-12-18,70,put,9987
2026-12-18,71,call,1510
2026-12-18,71,put,2706
2026-12-18,72,call,627
2026-12-18,72,put,14519
2026-12-18,73,call,760
2026-12-18,73,put,614
2026-12-18,74,call,4184
2026-12-18,74,put,998
2026-12-18,75,call,7201
2026-12-18,75,put,17858
2026-12-18,76,call,344
2026-12-18,76,put,2341
2026-12-18,77,call,1650
2026-12-18,77,put,2007
2026-12-18,78,call,508
2026-12-18,78,put,2114
2026-12-18,79,call,1442
2026-12-18,79,put,827
2026-12-18,80,call,14169
2026-12-18,80,put,14375
2026-12-18,81,call,1941
2026-12-18,81,put,1931
2026-12-18,82,call,1856
2026-12-18,82,put,3387
2026-12-18,83,call,2723
2026-12-18,83,put,1140
2026-12-18,84,call,1788
2026-12-18,84,put,1191
2026-12-18,85,call,7244
2026-12-18,85,put,8320
2026-12-18,86,call,1848
2026-12-18,86,put,4125
2026-12-18,87,call,1881
2026-12-18,87,put,772
2026-12-18,88,call,3963
2026-12-18,88,put,1021
2026-12-18,89,call,1258
2026-12-18,89,put,7726
2026-12-18,90,call,13662
2026-12-18,90,put,19177
2026-12-18,91,call,2421
2026-12-18,91,put,2091
2026-12-18,92,call,1453
2026-12-18,92,put,2400
2026-12-18,93,call,3540
2026-12-18,93,put,2466
2026-12-18,94,call,1345
2026-12-18,94,put,1000
2026-12-18,95,call,1878
2026-12-18,95,put,5828
2026-12-18,96,call,703
2026-12-18,96,put,2012
2026-12-18,97,call,4108
2026-12-18,97,put,1663
2026-12-18,98,call,697
2026-12-18,98,put,942
2026-12-18,99,call,1449
2026-12-18,99,put,2662
2026-12-18,100,call,16096
2026-12-18,100,put,30317
2026-12-18,101,call,12471
2026-12-18,101,put,5315
2026-12-18,102,call,1337
2026-12-18,102,put,927
2026-12-18,103,call,12156
2026-12-18,103,put,1630
2026-12-18,104,call,452
2026-12-18,104,put,793
2026-12-18,105,call,12136
2026-12-18,105,put,5737
2026-12-18,106,call,905
2026-12-18,106,put,895
2026-12-18,107,call,972
2026-12-18,107,put,1539
2026-12-18,108,call,1240
2026-12-18,108,put,2556
2026-12-18,109,call,418
2026-12-18,109,put,632
2026-12-18,110,call,14780
2026-12-18,110,put,18230
2026-12-18,111,call,665
2026-12-18,111,put,814
2026-12-18,112,call,1357
2026-12-18,112,put,3877
2026-12-18,113,call,2154
2026-12-18,113,put,3271
2026-12-18,114,call,677
2026-12-18,114,put,2163
2026-12-18,115,call,1732
2026-12-18,115,put,6493
2026-12-18,116,call,946
2026-12-18,116,put,4987
2026-12-18,117,call,1900
2026-12-18,117,put,1810
2026-12-18,118,call,1834
2026-12-18,118,put,1842
2026-12-18,119,call,905
2026-12-18,119,put,1284
2026-12-18,120,call,7689
2026-12-18,120,put,19289
2026-12-18,121,call,877
2026-12-18,121,put,896
2026-12-18,122,call,2731
2026-12-18,122,put,1588
2026-12-18,123,call,907
2026-12-18,123,put,1441
2026-12-18,124,call,849
2026-12-18,124,put,7540
2026-12-18,125,call,12350
2026-12-18,125,put,18852
2026-12-18,126,call,4407
2026-12-18,126,put,2973
2026-12-18,127,call,1696
2026-12-18,127,put,3370
2026-12-18,128,call,1305
2026-12-18,128,put,1421
2026-12-18,129,call,1203
2026-12-18,129,put,1630
2026-12-18,130,call,30562
2026-12-18,130,put,14067
2026-12-18,132,call,2371
2026-12-18,132,put,3173
2026-12-18,134,call,2017
2026-12-18,134,put,3370
2026-12-18,135,call,3133
2026-12-18,135,put,6898
2026-12-18,136,call,2091
2026-12-18,136,put,1719
2026-12-18,138,call,2760
2026-12-18,138,put,3626
2026-12-18,140,call,13076
2026-12-18,140,put,17992
2026-12-18,142,call,1271
2026-12-18,142,put,2336
2026-12-18,144,call,1249
2026-12-18,144,put,2293
2026-12-18,145,call,3197
2026-12-18,145,put,7395
2026-12-18,146,call,1912
2026-12-18,146,put,4690
2026-12-18,148,call,9102
2026-12-18,148,put,4516
2026-12-18,150,call,15521
2026-12-18,150,put,27487
2026-12-18,152,call,958
2026-12-18,152,put,2040
2026-12-18,154,call,3690
2026-12-18,154,put,1584
2026-12-18,155,call,1059
2026-12-18,155,put,12713
2026-12-18,156,call,2282
2026-12-18,156,put,1776
2026-12-18,158,call,1184
2026-12-18,158,put,3733
2026-12-18,160,call,15195
2026-12-18,160,put,44014
2026-12-18,162,call,1243
2026-12-18,162,put,4073
2026-12-18,164,call,29948
2026-12-18,164,put,9772
2026-12-18,165,call,1856
2026-12-18,165,put,22091
2026-12-18,166,call,857
2026-12-18,166,put,2036
2026-12-18,167,call,600
2026-12-18,167,put,4314
2026-12-18,168,call,1197
2026-12-18,168,put,2251
2026-12-18,169,call,1222
2026-12-18,169,put,4133
2026-12-18,170,call,6892
2026-12-18,170,put,18671
2026-12-18,171,call,1244
2026-12-18,171,put,3446
2026-12-18,172,call,1619
2026-12-18,172,put,2229
2026-12-18,173,call,397
2026-12-18,173,put,3295
2026-12-18,174,call,2159
2026-12-18,174,put,3319
2026-12-18,175,call,5361
2026-12-18,175,put,14342
2026-12-18,176,call,14648
2026-12-18,176,put,2570
2026-12-18,177,call,1599
2026-12-18,177,put,2113
2026-12-18,178,call,2231
2026-12-18,178,put,4061
2026-12-18,179,call,3033
2026-12-18,179,put,3204
2026-12-18,180,call,22894
2026-12-18,180,put,26648
2026-12-18,181,call,3728
2026-12-18,181,put,4159
2026-12-18,182,call,1930
2026-12-18,182,put,3165
2026-12-18,183,call,2544
2026-12-18,183,put,2875
2026-12-18,184,call,2637
2026-12-18,184,put,1789
2026-12-18,185,call,4646
2026-12-18,185,put,14138
2026-12-18,186,call,2259
2026-12-18,186,put,5464
2026-12-18,187,call,1782
2026-12-18,187,put,3574
2026-12-18,188,call,1980
2026-12-18,188,put,3742
2026-12-18,189,call,5087
2026-12-18,189,put,2281
2026-12-18,190,call,11641
2026-12-18,190,put,31411
2026-12-18,191,call,1553
2026-12-18,191,put,2737
2026-12-18,192,call,967
2026-12-18,192,put,2364
2026-12-18,193,call,1549
2026-12-18,193,put,2388
2026-12-18,194,call,12750
2026-12-18,194,put,2978
2026-12-18,195,call,4002
2026-12-18,195,put,19059
2026-12-18,200,call,49227
2026-12-18,200,put,61275
2026-12-18,205,call,5871
2026-12-18,205,put,13726
2026-12-18,210,call,29240
2026-12-18,210,put,28811
2026-12-18,212,call,2332
2026-12-18,212,put,3141
2026-12-18,213,call,2651
2026-12-18,213,put,2546
2026-12-18,214,call,2387
2026-12-18,214,put,3196
2026-12-18,215,call,13963
2026-12-18,215,put,7543
2026-12-18,216,call,2848
2026-12-18,216,put,1921
2026-12-18,217,call,3119
2026-12-18,217,put,3558
2026-12-18,218,call,2612
2026-12-18,218,put,1107
2026-12-18,219,call,1660
2026-12-18,219,put,1481
2026-12-18,220,call,59368
2026-12-18,220,put,43501
2026-12-18,221,call,2358
2026-12-18,221,put,6009
2026-12-18,222,call,2847
2026-12-18,222,put,1329
2026-12-18,223,call,2078
2026-12-18,223,put,919
2026-12-18,224,call,1648
2026-12-18,224,put,2006
2026-12-18,225,call,21768
2026-12-18,225,put,9539
2026-12-18,226,call,3477
2026-12-18,226,put,1462
2026-12-18,227,call,1686
2026-12-18,227,put,2044
2026-12-18,228,call,17290
2026-12-18,228,put,2987
2026-12-18,230,call,25330
2026-12-18,230,put,16705
2026-12-18,235,call,16236
2026-12-18,235,put,5403
2026-12-18,240,call,28777
2026-12-18,240,put,7181
2026-12-18,245,call,20746
2026-12-18,245,put,1803
2026-12-18,250,call,50894
2026-12-18,250,put,2972
2026-12-18,255,call,12411
2026-12-18,255,put,1317
2026-12-18,260,call,25575
2026-12-18,260,put,1220
2026-12-18,265,call,10531
2026-12-18,265,put,801
2026-12-18,270,call,30291
2026-12-18,270,put,1552
2026-12-18,275,call,21859
2026-12-18,275,put,1260
2026-12-18,280,call,36120
2026-12-18,280,put,342
2026-12-18,285,call,7671
2026-12-18,285,put,386
2026-12-18,290,call,15959
2026-12-18,290,put,345
2026-12-18,295,call,5210
2026-12-18,295,put,25
2026-12-18,300,call,48703
2026-12-18,300,put,29
2026-12-18,305,call,7148
2026-12-18,305,put,1
2026-12-18,310,call,7407
2026-12-18,310,put,0
2026-12-18,315,call,2147
2026-12-18,315,put,0
2026-12-18,320,call,6655
2026-12-18,320,put,0
2026-12-18,325,call,4033
2026-12-18,325,put,0
2026-12-18,330,call,6210
2026-12-18,330,put,0
2026-12-18,335,call,778
2026-12-18,335,put,0
2026-12-18,340,call,3357
2026-12-18,340,put,0
2026-12-18,345,call,2790
2026-12-18,345,put,0
2026-12-18,350,call,3975
2026-12-18,350,put,0
2026-12-18,355,call,2969
2026-12-18,355,put,0
2026-12-18,360,call,3445
2026-12-18,360,put,0
2026-12-18,365,call,488
2026-12-18,365,put,0
2026-12-18,370,call,2686
2026-12-18,370,put,0
2026-12-18,375,call,592
2026-12-18,375,put,0
2026-12-18,380,call,1799
2026-12-18,380,put,0
2026-12-18,385,call,1542
2026-12-18,385,put,0
2026-12-18,390,call,4731
2026-12-18,390,put,0
2026-12-18,400,call,6895
2026-12-18,400,put,0
2026-12-18,410,call,2944
2026-12-18,410,put,0
2026-12-18,420,call,4795
2026-12-18,420,put,0
2026-12-18,430,call,914
2026-12-18,430,put,0
2026-12-18,440,call,579
2026-12-18,440,put,0
2026-12-18,450,call,7754
2026-12-18,450,put,0
2026-12-18,455,call,3073
2026-12-18,455,put,0
2026-12-18,460,call,17514
2026-12-18,460,put,0
2026-12-18,470,call,1
2026-12-18,470,put,0
2026-12-18,480,call,0
2026-12-18,480,put,0
2027-01-15,5,call,194
2027-01-15,5,put,9183
2027-01-15,10,call,216
2027-01-15,10,put,3238
2027-01-15,15,call,187
2027-01-15,15,put,33276
2027-01-15,20,call,3101
2027-01-15,20,put,12614
2027-01-15,25,call,552
2027-01-15,25,put,18009
2027-01-15,30,call,439
2027-01-15,30,put,2998
2027-01-15,35,call,1867
2027-01-15,35,put,6600
2027-01-15,40,call,597
2027-01-15,40,put,2623
2027-01-15,45,call,1064
2027-01-15,45,put,7258
2027-01-15,50,call,1506
2027-01-15,50,put,12477
2027-01-15,55,call,2412
2027-01-15,55,put,3596
2027-01-15,60,call,2426
2027-01-15,60,put,15920
2027-01-15,65,call,679
2027-01-15,65,put,6216
2027-01-15,70,call,5127
2027-01-15,70,put,13326
2027-01-15,75,call,3331
2027-01-15,75,put,10506
2027-01-15,80,call,14142
2027-01-15,80,put,25963
2027-01-15,85,call,1437
2027-01-15,85,put,13651
2027-01-15,90,call,7570
2027-01-15,90,put,28710
2027-01-15,95,call,3071
2027-01-15,95,put,22584
2027-01-15,100,call,29502
2027-01-15,100,put,185593
2027-01-15,105,call,5432
2027-01-15,105,put,16920
2027-01-15,110,call,3870
2027-01-15,110,put,23093
2027-01-15,115,call,5913
2027-01-15,115,put,20526
2027-01-15,120,call,8983
2027-01-15,120,put,32397
2027-01-15,125,call,6617
2027-01-15,125,put,18600
2027-01-15,130,call,13889
2027-01-15,130,put,28673
2027-01-15,135,call,18202
2027-01-15,135,put,19314
2027-01-15,140,call,11808
2027-01-15,140,put,26647
2027-01-15,145,call,3569
2027-01-15,145,put,22593
2027-01-15,150,call,25261
2027-01-15,150,put,137325
2027-01-15,155,call,6936
2027-01-15,155,put,16089
2027-01-15,160,call,37822
2027-01-15,160,put,27165
2027-01-15,165,call,6809
2027-01-15,165,put,20444
2027-01-15,170,call,14822
2027-01-15,170,put,84121
2027-01-15,175,call,16825
2027-01-15,175,put,23388
2027-01-15,180,call,44386
2027-01-15,180,put,146742
2027-01-15,185,call,14702
2027-01-15,185,put,20323
2027-01-15,190,call,23401
2027-01-15,190,put,41761
2027-01-15,195,call,19231
2027-01-15,195,put,18770
2027-01-15,200,call,285817
2027-01-15,200,put,79538
2027-01-15,205,call,5211
2027-01-15,205,put,17678
2027-01-15,210,call,42086
2027-01-15,210,put,22745
2027-01-15,215,call,12146
2027-01-15,215,put,19018
2027-01-15,220,call,39332
2027-01-15,220,put,67878
2027-01-15,225,call,14291
2027-01-15,225,put,12209
2027-01-15,230,call,44221
2027-01-15,230,put,13355
2027-01-15,235,call,18192
2027-01-15,235,put,6106
2027-01-15,240,call,47763
2027-01-15,240,put,7626
2027-01-15,245,call,13378
2027-01-15,245,put,2690
2027-01-15,250,call,66767
2027-01-15,250,put,2886
2027-01-15,255,call,22015
2027-01-15,255,put,828
2027-01-15,260,call,62963
2027-01-15,260,put,3291
2027-01-15,265,call,13807
2027-01-15,265,put,664
2027-01-15,270,call,29717
2027-01-15,270,put,1706
2027-01-15,275,call,9779
2027-01-15,275,put,1499
2027-01-15,280,call,34745
2027-01-15,280,put,2666
2027-01-15,285,call,11961
2027-01-15,285,put,450
2027-01-15,290,call,41050
2027-01-15,290,put,587
2027-01-15,295,call,5810
2027-01-15,295,put,39
2027-01-15,300,call,67231
2027-01-15,300,put,1670
2027-01-15,310,call,15151
2027-01-15,310,put,1
2027-01-15,320,call,13805
2027-01-15,320,put,1
2027-01-15,330,call,5993
2027-01-15,330,put,0
2027-01-15,340,call,73165
2027-01-15,340,put,0
2027-01-15,350,call,12341
2027-01-15,350,put,0
2027-01-15,360,call,7877
2027-01-15,360,put,0
2027-01-15,370,call,5150
2027-01-15,370,put,0
2027-01-15,380,call,3035
2027-01-15,380,put,0
2027-01-15,390,call,3528
2027-01-15,390,put,0
2027-01-15,400,call,8168
2027-01-15,400,put,0
2027-01-15,410,call,2208
2027-01-15,410,put,0
2027-01-15,420,call,11250
2027-01-15,420,put,0
2027-01-15,430,call,2613
2027-01-15,430,put,0
2027-01-15,440,call,1291
2027-01-15,440,put,0
2027-01-15,450,call,3565
2027-01-15,450,put,0
2027-01-15,455,call,970
2027-01-15,455,put,0
2027-01-15,460,call,38155
2027-01-15,460,put,0
2027-01-15,470,call,11
2027-01-15,470,put,0
2027-01-15,480,call,2
2027-01-15,480,put,0
2027-02-19,5,call,0
2027-02-19,5,put,20
2027-02-19,10,call,0
2027-02-19,10,put,1000
2027-02-19,15,call,0
2027-02-19,15,put,0
2027-02-19,20,call,2
2027-02-19,20,put,2
2027-02-19,25,call,0
2027-02-19,25,put,0
2027-02-19,30,call,3
2027-02-19,30,put,1
2027-02-19,35,call,20
2027-02-19,35,put,3
2027-02-19,40,call,3
2027-02-19,40,put,4
2027-02-19,45,call,0
2027-02-19,45,put,5
2027-02-19,50,call,27
2027-02-19,50,put,256
2027-02-19,55,call,1
2027-02-19,55,put,224
2027-02-19,60,call,6
2027-02-19,60,put,177
2027-02-19,65,call,10
2027-02-19,65,put,114
2027-02-19,70,call,10
2027-02-19,70,put,92
2027-02-19,75,call,5
2027-02-19,75,put,495
2027-02-19,80,call,0
2027-02-19,80,put,226
2027-02-19,85,call,5
2027-02-19,85,put,133
2027-02-19,90,call,3
2027-02-19,90,put,166
2027-02-19,95,call,1
2027-02-19,95,put,193
2027-02-19,100,call,34
2027-02-19,100,put,611
2027-02-19,105,call,1
2027-02-19,105,put,154
2027-02-19,110,call,35
2027-02-19,110,put,5453
2027-02-19,115,call,139
2027-02-19,115,put,392
2027-02-19,120,call,77
2027-02-19,120,put,1071
2027-02-19,125,call,15
2027-02-19,125,put,371
2027-02-19,130,call,52
2027-02-19,130,put,693
2027-02-19,135,call,53
2027-02-19,135,put,2085
2027-02-19,140,call,98
2027-02-19,140,put,552
2027-02-19,145,call,148
2027-02-19,145,put,731
2027-02-19,150,call,242
2027-02-19,150,put,3824
2027-02-19,155,call,117
2027-02-19,155,put,4165
2027-02-19,160,call,259
2027-02-19,160,put,4841
2027-02-19,165,call,125
2027-02-19,165,put,6980
2027-02-19,170,call,184
2027-02-19,170,put,4461
2027-02-19,175,call,646
2027-02-19,175,put,5022
2027-02-19,180,call,779
2027-02-19,180,put,8693
2027-02-19,185,call,451
2027-02-19,185,put,8319
2027-02-19,190,call,1320
2027-02-19,190,put,8527
2027-02-19,195,call,326
2027-02-19,195,put,3805
2027-02-19,200,call,2098
2027-02-19,200,put,8282
2027-02-19,205,call,1148
2027-02-19,205,put,3682
2027-02-19,210,call,2330
2027-02-19,210,put,4657
2027-02-19,215,call,2154
2027-02-19,215,put,3394
2027-02-19,220,call,2467
2027-02-19,220,put,2176
2027-02-19,225,call,3807
2027-02-19,225,put,2110
2027-02-19,230,call,6430
2027-02-19,230,put,3837
2027-02-19,235,call,2351
2027-02-19,235,put,1001
2027-02-19,240,call,3427
2027-02-19,240,put,1713
2027-02-19,245,call,2683
2027-02-19,245,put,464
2027-02-19,250,call,8207
2027-02-19,250,put,325
2027-02-19,255,call,3364
2027-02-19,255,put,221
2027-02-19,260,call,6237
2027-02-19,260,put,202
2027-02-19,265,call,3130
2027-02-19,265,put,168
2027-02-19,270,call,8319
2027-02-19,270,put,272
2027-02-19,275,call,5208
2027-02-19,275,put,218
2027-02-19,280,call,7215
2027-02-19,280,put,265
2027-02-19,285,call,3001
2027-02-19,285,put,299
2027-02-19,290,call,2893
2027-02-19,290,put,73
2027-02-19,295,call,1134
2027-02-19,295,put,80
2027-02-19,300,call,2657
2027-02-19,300,put,82
2027-02-19,305,call,1682
2027-02-19,305,put,5
2027-02-19,310,call,1015
2027-02-19,310,put,8
2027-02-19,315,call,538
2027-02-19,315,put,0
2027-02-19,320,call,1374
2027-02-19,320,put,0
2027-02-19,325,call,556
2027-02-19,325,put,0
2027-02-19,330,call,574
2027-02-19,330,put,0
2027-02-19,335,call,280
2027-02-19,335,put,0
2027-02-19,340,call,974
2027-02-19,340,put,0
2027-02-19,345,call,220
2027-02-19,345,put,0
2027-02-19,350,call,630
2027-02-19,350,put,0
2027-02-19,355,call,704
2027-02-19,355,put,0
2027-02-19,360,call,386
2027-02-19,360,put,0
2027-02-19,365,call,427
2027-02-19,365,put,0
2027-02-19,370,call,410
2027-02-19,370,put,0
2027-02-19,375,call,181
2027-02-19,375,put,0
2027-02-19,380,call,183
2027-02-19,380,put,0
2027-02-19,385,call,238
2027-02-19,385,put,0
2027-02-19,390,call,1350
2027-02-19,390,put,0
2027-02-19,395,call,64
2027-02-19,395,put,0
2027-02-19,400,call,108
2027-02-19,400,put,0
2027-02-19,405,call,148
2027-02-19,405,put,0
2027-02-19,410,call,40
2027-02-19,410,put,0
2027-02-19,415,call,19
2027-02-19,415,put,0
2027-02-19,420,call,131
2027-02-19,420,put,0
2027-02-19,425,call,53
2027-02-19,425,put,0
2027-02-19,430,call,16
2027-02-19,430,put,0
2027-02-19,435,call,50
2027-02-19,435,put,0
2027-02-19,440,call,53
2027-02-19,440,put,0
2027-02-19,445,call,3
2027-02-19,445,put,0
2027-02-19,450,call,69
2027-02-19,450,put,0
2027-02-19,455,call,21
2027-02-19,455,put,0
2027-02-19,460,call,676
2027-02-19,460,put,0
2027-02-19,470,call,0
2027-02-19,470,put,0
2027-02-19,480,call,4
2027-02-19,480,put,0
2027-03-19,2.5,call,3
2027-03-19,2.5,put,0
2027-03-19,5,call,94
2027-03-19,5,put,1002
2027-03-19,7.5,call,0
2027-03-19,7.5,put,3021
2027-03-19,10,call,0
2027-03-19,10,put,1000
2027-03-19,12.5,call,0
2027-03-19,12.5,put,0
2027-03-19,15,call,5
2027-03-19,15,put,2
2027-03-19,17.5,call,0
2027-03-19,17.5,put,0
2027-03-19,20,call,0
2027-03-19,20,put,4
2027-03-19,22.5,call,0
2027-03-19,22.5,put,4
2027-03-19,25,call,0
2027-03-19,25,put,8
2027-03-19,30,call,4
2027-03-19,30,put,14
2027-03-19,35,call,2
2027-03-19,35,put,55
2027-03-19,40,call,12
2027-03-19,40,put,9
2027-03-19,45,call,1
2027-03-19,45,put,102
2027-03-19,50,call,54
2027-03-19,50,put,901
2027-03-19,55,call,34
2027-03-19,55,put,405
2027-03-19,60,call,313
2027-03-19,60,put,1011
2027-03-19,65,call,49
2027-03-19,65,put,408
2027-03-19,70,call,320
2027-03-19,70,put,560
2027-03-19,75,call,3460
2027-03-19,75,put,3544
2027-03-19,80,call,74
2027-03-19,80,put,863
2027-03-19,85,call,132
2027-03-19,85,put,308
2027-03-19,90,call,843
2027-03-19,90,put,3303
2027-03-19,95,call,86
2027-03-19,95,put,1155
2027-03-19,100,call,392
2027-03-19,100,put,5347
2027-03-19,105,call,184
2027-03-19,105,put,767
2027-03-19,110,call,508
2027-03-19,110,put,3279
2027-03-19,115,call,415
2027-03-19,115,put,5966
2027-03-19,120,call,585
2027-03-19,120,put,3162
2027-03-19,125,call,414
2027-03-19,125,put,11395
2027-03-19,130,call,657
2027-03-19,130,put,16832
2027-03-19,135,call,293
2027-03-19,135,put,9866
2027-03-19,140,call,569
2027-03-19,140,put,19126
2027-03-19,145,call,332
2027-03-19,145,put,14613
2027-03-19,150,call,1670
2027-03-19,150,put,28239
2027-03-19,155,call,671
2027-03-19,155,put,8073
2027-03-19,160,call,2437
2027-03-19,160,put,23717
2027-03-19,165,call,1425
2027-03-19,165,put,9097
2027-03-19,170,call,4859
2027-03-19,170,put,16984
2027-03-19,175,call,2452
2027-03-19,175,put,9024
2027-03-19,180,call,4333
2027-03-19,180,put,23992
2027-03-19,185,call,3008
2027-03-19,185,put,11989
2027-03-19,190,call,4066
2027-03-19,190,put,16075
2027-03-19,195,call,7805
2027-03-19,195,put,11796
2027-03-19,200,call,32213
2027-03-19,200,put,21025
2027-03-19,205,call,2248
2027-03-19,205,put,15930
2027-03-19,210,call,24986
2027-03-19,210,put,19519
2027-03-19,215,call,10594
2027-03-19,215,put,13189
2027-03-19,220,call,19809
2027-03-19,220,put,8230
2027-03-19,225,call,12354
2027-03-19,225,put,6212
2027-03-19,230,call,13711
2027-03-19,230,put,12613
2027-03-19,235,call,11628
2027-03-19,235,put,2972
2027-03-19,240,call,18311
2027-03-19,240,put,9123
2027-03-19,245,call,6465
2027-03-19,245,put,1763
2027-03-19,250,call,40168
2027-03-19,250,put,1020
2027-03-19,255,call,5104
2027-03-19,255,put,785
2027-03-19,260,call,49559
2027-03-19,260,put,1504
2027-03-19,265,call,5007
2027-03-19,265,put,1194
2027-03-19,270,call,16716
2027-03-19,270,put,1186
2027-03-19,275,call,5709
2027-03-19,275,put,742
2027-03-19,280,call,16430
2027-03-19,280,put,2653
2027-03-19,285,call,5813
2027-03-19,285,put,445
2027-03-19,290,call,11825
2027-03-19,290,put,416
2027-03-19,295,call,4090
2027-03-19,295,put,456
2027-03-19,300,call,21481
2027-03-19,300,put,742
2027-03-19,305,call,2263
2027-03-19,305,put,483
2027-03-19,310,call,6285
2027-03-19,310,put,500
2027-03-19,315,call,3586
2027-03-19,315,put,359
2027-03-19,320,call,21164
2027-03-19,320,put,51
2027-03-19,325,call,2117
2027-03-19,325,put,0
2027-03-19,330,call,5206
2027-03-19,330,put,0
2027-03-19,335,call,2878
2027-03-19,335,put,0
2027-03-19,340,call,2146
2027-03-19,340,put,0
2027-03-19,345,call,887
2027-03-19,345,put,0
2027-03-19,350,call,5901
2027-03-19,350,put,0
2027-03-19,355,call,834
2027-03-19,355,put,0
2027-03-19,360,call,2830
2027-03-19,360,put,0
2027-03-19,365,call,324
2027-03-19,365,put,0
2027-03-19,370,call,4381
2027-03-19,370,put,5
2027-03-19,375,call,215
2027-03-19,375,put,0
2027-03-19,380,call,897
2027-03-19,380,put,0
2027-03-19,385,call,614
2027-03-19,385,put,0
2027-03-19,390,call,1035
2027-03-19,390,put,0
2027-03-19,395,call,262
2027-03-19,395,put,0
2027-03-19,400,call,3006
2027-03-19,400,put,0
2027-03-19,405,call,606
2027-03-19,405,put,0
2027-03-19,410,call,1239
2027-03-19,410,put,0
2027-03-19,415,call,126
2027-03-19,415,put,0
2027-03-19,420,call,1203
2027-03-19,420,put,0
2027-03-19,430,call,391
2027-03-19,430,put,0
2027-03-19,440,call,845
2027-03-19,440,put,0
2027-03-19,450,call,454
2027-03-19,450,put,0
2027-03-19,455,call,324
2027-03-19,455,put,0
2027-03-19,460,call,6041
2027-03-19,460,put,0
2027-03-19,470,call,0
2027-03-19,470,put,0
2027-03-19,480,call,8
2027-03-19,480,put,0
2027-04-16,5,call,0
2027-04-16,5,put,0
2027-04-16,10,call,0
2027-04-16,10,put,0
2027-04-16,15,call,0
2027-04-16,15,put,0
2027-04-16,20,call,0
2027-04-16,20,put,0
2027-04-16,25,call,0
2027-04-16,25,put,0
2027-04-16,30,call,0
2027-04-16,30,put,0
2027-04-16,35,call,0
2027-04-16,35,put,6
2027-04-16,40,call,0
2027-04-16,40,put,3
2027-04-16,45,call,0
2027-04-16,45,put,12
2027-04-16,50,call,1
2027-04-16,50,put,23
2027-04-16,55,call,0
2027-04-16,55,put,2
2027-04-16,60,call,1
2027-04-16,60,put,42
2027-04-16,65,call,1
2027-04-16,65,put,57
2027-04-16,70,call,1
2027-04-16,70,put,5
2027-04-16,75,call,0
2027-04-16,75,put,276
2027-04-16,80,call,0
2027-04-16,80,put,61
2027-04-16,85,call,13
2027-04-16,85,put,37
2027-04-16,90,call,2
2027-04-16,90,put,179
2027-04-16,95,call,1
2027-04-16,95,put,218
2027-04-16,100,call,7
2027-04-16,100,put,1305
2027-04-16,105,call,0
2027-04-16,105,put,20
2027-04-16,110,call,21
2027-04-16,110,put,631
2027-04-16,115,call,4
2027-04-16,115,put,21
2027-04-16,120,call,12
2027-04-16,120,put,119
2027-04-16,125,call,0
2027-04-16,125,put,421
2027-04-16,130,call,6
2027-04-16,130,put,248
2027-04-16,135,call,0
2027-04-16,135,put,157
2027-04-16,140,call,7
2027-04-16,140,put,641
2027-04-16,145,call,12
2027-04-16,145,put,538
2027-04-16,150,call,63
2027-04-16,150,put,1900
2027-04-16,155,call,8
2027-04-16,155,put,116
2027-04-16,160,call,27
2027-04-16,160,put,401
2027-04-16,165,call,14
2027-04-16,165,put,729
2027-04-16,170,call,32
2027-04-16,170,put,797
2027-04-16,175,call,19
2027-04-16,175,put,4244
2027-04-16,180,call,38
2027-04-16,180,put,7233
2027-04-16,185,call,49
2027-04-16,185,put,1422
2027-04-16,190,call,55
2027-04-16,190,put,2400
2027-04-16,195,call,242
2027-04-16,195,put,989
2027-04-16,200,call,273
2027-04-16,200,put,1213
2027-04-16,205,call,77
2027-04-16,205,put,797
2027-04-16,210,call,247
2027-04-16,210,put,4966
2027-04-16,215,call,2156
2027-04-16,215,put,520
2027-04-16,220,call,326
2027-04-16,220,put,382
2027-04-16,225,call,568
2027-04-16,225,put,1486
2027-04-16,230,call,4593
2027-04-16,230,put,2392
2027-04-16,235,call,730
2027-04-16,235,put,908
2027-04-16,240,call,797
2027-04-16,240,put,595
2027-04-16,245,call,332
2027-04-16,245,put,175
2027-04-16,250,call,764
2027-04-16,250,put,116
2027-04-16,255,call,538
2027-04-16,255,put,149
2027-04-16,260,call,897
2027-04-16,260,put,439
2027-04-16,265,call,247
2027-04-16,265,put,2
2027-04-16,270,call,401
2027-04-16,270,put,9
2027-04-16,275,call,435
2027-04-16,275,put,6
2027-04-16,280,call,515
2027-04-16,280,put,93
2027-04-16,285,call,414
2027-04-16,285,put,75
2027-04-16,290,call,1556
2027-04-16,290,put,48
2027-04-16,295,call,321
2027-04-16,295,put,29
2027-04-16,300,call,1691
2027-04-16,300,put,54
2027-04-16,305,call,683
2027-04-16,305,put,8
2027-04-16,310,call,310
2027-04-16,310,put,17
2027-04-16,315,call,28
2027-04-16,315,put,0
2027-04-16,320,call,190
2027-04-16,320,put,0
2027-04-16,325,call,45
2027-04-16,325,put,3
2027-04-16,330,call,95
2027-04-16,330,put,0
2027-04-16,335,call,26
2027-04-16,335,put,0
2027-04-16,340,call,71
2027-04-16,340,put,0
2027-04-16,345,call,8
2027-04-16,345,put,0
2027-04-16,350,call,996
2027-04-16,350,put,0
2027-04-16,355,call,12
2027-04-16,355,put,0
2027-04-16,360,call,90
2027-04-16,360,put,0
2027-04-16,365,call,155
2027-04-16,365,put,0
2027-04-16,370,call,56
2027-04-16,370,put,0
2027-04-16,375,call,55
2027-04-16,375,put,0
2027-04-16,380,call,24
2027-04-16,380,put,0
2027-04-16,385,call,26
2027-04-16,385,put,0
2027-04-16,390,call,55
2027-04-16,390,put,0
2027-04-16,395,call,54
2027-04-16,395,put,0
2027-04-16,400,call,319
2027-04-16,400,put,0
2027-04-16,405,call,22
2027-04-16,405,put,0
2027-04-16,410,call,114
2027-04-16,410,put,0
2027-04-16,415,call,23
2027-04-16,415,put,0
2027-04-16,420,call,175
2027-04-16,420,put,0
2027-04-16,425,call,55
2027-04-16,425,put,0
2027-04-16,430,call,44
2027-04-16,430,put,0
2027-04-16,435,call,296
2027-04-16,435,put,0
2027-04-16,440,call,44
2027-04-16,440,put,0
2027-04-16,450,call,0
2027-04-16,450,put,0
2027-04-16,460,call,0
2027-04-16,460,put,0
2027-04-16,470,call,3
2027-04-16,470,put,0
2027-04-16,480,call,0
2027-04-16,480,put,0
2027-05-21,50,call,0
2027-05-21,50,put,0
2027-05-21,55,call,0
2027-05-21,55,put,0
2027-05-21,60,call,0
2027-05-21,60,put,0
2027-05-21,65,call,0
2027-05-21,65,put,0
2027-05-21,70,call,1
2027-05-21,70,put,0
2027-05-21,75,call,0
2027-05-21,75,put,0
2027-05-21,80,call,0
2027-05-21,80,put,0
2027-05-21,85,call,1
2027-05-21,85,put,0
2027-05-21,90,call,1
2027-05-21,90,put,0
2027-05-21,95,call,0
2027-05-21,95,put,20
2027-05-21,100,call,0
2027-05-21,100,put,0
2027-05-21,105,call,0
2027-05-21,105,put,0
2027-05-21,110,call,0
2027-05-21,110,put,1
2027-05-21,115,call,0
2027-05-21,115,put,0
2027-05-21,120,call,2
2027-05-21,120,put,12
2027-05-21,125,call,0
2027-05-21,125,put,2
2027-05-21,130,call,5
2027-05-21,130,put,9
2027-05-21,135,call,0
2027-05-21,135,put,22
2027-05-21,140,call,0
2027-05-21,140,put,0
2027-05-21,145,call,0
2027-05-21,145,put,0
2027-05-21,150,call,0
2027-05-21,150,put,10
2027-05-21,155,call,0
2027-05-21,155,put,0
2027-05-21,160,call,1
2027-05-21,160,put,6
2027-05-21,165,call,1
2027-05-21,165,put,4
2027-05-21,170,call,2
2027-05-21,170,put,3
2027-05-21,175,call,0
2027-05-21,175,put,0
2027-05-21,180,call,2
2027-05-21,180,put,1
2027-05-21,185,call,0
2027-05-21,185,put,1
2027-05-21,190,call,2
2027-05-21,190,put,23
2027-05-21,195,call,0
2027-05-21,195,put,0
2027-05-21,200,call,0
2027-05-21,200,put,58
2027-05-21,205,call,0
2027-05-21,205,put,6
2027-05-21,210,call,4
2027-05-21,210,put,7
2027-05-21,215,call,2
2027-05-21,215,put,0
2027-05-21,220,call,4
2027-05-21,220,put,12
2027-05-21,225,call,63
2027-05-21,225,put,41
2027-05-21,230,call,866
2027-05-21,230,put,221
2027-05-21,235,call,2335
2027-05-21,235,put,337
2027-05-21,240,call,361
2027-05-21,240,put,1114
2027-05-21,245,call,1336
2027-05-21,245,put,424
2027-05-21,250,call,157
2027-05-21,250,put,144
2027-05-21,255,call,30
2027-05-21,255,put,0
2027-05-21,260,call,30
2027-05-21,260,put,3
2027-05-21,265,call,234
2027-05-21,265,put,0
2027-05-21,270,call,7
2027-05-21,270,put,0
2027-05-21,275,call,0
2027-05-21,275,put,0
2027-05-21,280,call,12
2027-05-21,280,put,1
2027-05-21,285,call,2
2027-05-21,285,put,2
2027-05-21,290,call,46
2027-05-21,290,put,0
2027-05-21,295,call,3
2027-05-21,295,put,0
2027-05-21,300,call,17
2027-05-21,300,put,0
2027-05-21,305,call,13
2027-05-21,305,put,0
2027-05-21,310,call,12
2027-05-21,310,put,0
2027-05-21,315,call,0
2027-05-21,315,put,0
2027-05-21,320,call,1
2027-05-21,320,put,0
2027-05-21,325,call,0
2027-05-21,325,put,0
2027-05-21,330,call,1
2027-05-21,330,put,0
2027-05-21,335,call,0
2027-05-21,335,put,0
2027-05-21,340,call,1
2027-05-21,340,put,0
2027-05-21,345,call,0
2027-05-21,345,put,0
2027-05-21,350,call,2
2027-05-21,350,put,0
2027-05-21,355,call,0
2027-05-21,355,put,0
2027-05-21,360,call,0
2027-05-21,360,put,0
2027-05-21,365,call,0
2027-05-21,365,put,0
2027-05-21,370,call,0
2027-05-21,370,put,0
2027-05-21,375,call,0
2027-05-21,375,put,0
2027-05-21,380,call,0
2027-05-21,380,put,0
2027-05-21,385,call,0
2027-05-21,385,put,0
2027-05-21,390,call,0
2027-05-21,390,put,0
2027-05-21,395,call,0
2027-05-21,395,put,0
2027-05-21,400,call,1
2027-05-21,400,put,0
2027-05-21,405,call,1
2027-05-21,405,put,0
2027-05-21,410,call,0
2027-05-21,410,put,0
2027-05-21,415,call,0
2027-05-21,415,put,0
2027-05-21,420,call,0
2027-05-21,420,put,0
2027-05-21,425,call,0
2027-05-21,425,put,0
2027-05-21,430,call,0
2027-05-21,430,put,0
2027-05-21,435,call,0
2027-05-21,435,put,0
2027-05-21,440,call,0
2027-05-21,440,put,0
2027-05-21,445,call,0
2027-05-21,445,put,0
2027-05-21,450,call,0
2027-05-21,450,put,0
2027-05-21,455,call,0
2027-05-21,455,put,0
2027-05-21,460,call,0
2027-05-21,460,put,0
2027-05-21,465,call,0
2027-05-21,465,put,0
2027-05-21,470,call,0
2027-05-21,470,put,0
2027-05-21,475,call,0
2027-05-21,475,put,0
2027-05-21,480,call,0
2027-05-21,480,put,0
2027-06-17,5,call,14
2027-06-17,5,put,5084
2027-06-17,10,call,162
2027-06-17,10,put,254
2027-06-17,15,call,380
2027-06-17,15,put,418
2027-06-17,20,call,966
2027-06-17,20,put,537
2027-06-17,25,call,388
2027-06-17,25,put,855
2027-06-17,30,call,286
2027-06-17,30,put,11292
2027-06-17,35,call,828
2027-06-17,35,put,665
2027-06-17,40,call,282
2027-06-17,40,put,1252
2027-06-17,45,call,216
2027-06-17,45,put,1379
2027-06-17,50,call,466
2027-06-17,50,put,5035
2027-06-17,55,call,764
2027-06-17,55,put,2656
2027-06-17,60,call,315
2027-06-17,60,put,1558
2027-06-17,65,call,843
2027-06-17,65,put,1096
2027-06-17,70,call,382
2027-06-17,70,put,3648
2027-06-17,75,call,476
2027-06-17,75,put,8773
2027-06-17,80,call,855
2027-06-17,80,put,8019
2027-06-17,85,call,616
2027-06-17,85,put,9045
2027-06-17,90,call,740
2027-06-17,90,put,3307
2027-06-17,95,call,516
2027-06-17,95,put,4077
2027-06-17,100,call,5478
2027-06-17,100,put,19925
2027-06-17,105,call,16393
2027-06-17,105,put,6178
2027-06-17,110,call,7630
2027-06-17,110,put,9277
2027-06-17,115,call,1073
2027-06-17,115,put,9195
2027-06-17,120,call,3227
2027-06-17,120,put,21214
2027-06-17,125,call,1552
2027-06-17,125,put,18444
2027-06-17,130,call,2216
2027-06-17,130,put,17392
2027-06-17,135,call,8702
2027-06-17,135,put,7436
2027-06-17,140,call,3638
2027-06-17,140,put,145632
2027-06-17,145,call,1006
2027-06-17,145,put,9210
2027-06-17,150,call,9813
2027-06-17,150,put,49931
2027-06-17,155,call,3489
2027-06-17,155,put,9682
2027-06-17,160,call,7268
2027-06-17,160,put,26162
2027-06-17,165,call,2813
2027-06-17,165,put,9714
2027-06-17,170,call,7415
2027-06-17,170,put,16332
2027-06-17,175,call,6789
2027-06-17,175,put,13776
2027-06-17,180,call,12120
2027-06-17,180,put,30633
2027-06-17,185,call,5055
2027-06-17,185,put,11321
2027-06-17,190,call,11081
2027-06-17,190,put,22300
2027-06-17,195,call,6430
2027-06-17,195,put,13196
2027-06-17,200,call,22173
2027-06-17,200,put,21225
2027-06-17,205,call,21468
2027-06-17,205,put,11083
2027-06-17,210,call,9152
2027-06-17,210,put,13664
2027-06-17,215,call,9925
2027-06-17,215,put,3330
2027-06-17,220,call,18581
2027-06-17,220,put,10700
2027-06-17,225,call,7870
2027-06-17,225,put,5208
2027-06-17,230,call,20496
2027-06-17,230,put,8674
2027-06-17,235,call,4307
2027-06-17,235,put,3522
2027-06-17,240,call,10605
2027-06-17,240,put,19230
2027-06-17,245,call,4539
2027-06-17,245,put,1611
2027-06-17,250,call,23143
2027-06-17,250,put,4568
2027-06-17,255,call,4227
2027-06-17,255,put,973
2027-06-17,260,call,30872
2027-06-17,260,put,2503
2027-06-17,265,call,8566
2027-06-17,265,put,522
2027-06-17,270,call,9576
2027-06-17,270,put,2129
2027-06-17,275,call,4409
2027-06-17,275,put,513
2027-06-17,280,call,7544
2027-06-17,280,put,3012
2027-06-17,285,call,2890
2027-06-17,285,put,716
2027-06-17,290,call,10261
2027-06-17,290,put,1250
2027-06-17,295,call,4123
2027-06-17,295,put,288
2027-06-17,300,call,31887
2027-06-17,300,put,1905
2027-06-17,310,call,5588
2027-06-17,310,put,734
2027-06-17,320,call,10055
2027-06-17,320,put,574
2027-06-17,330,call,4034
2027-06-17,330,put,194
2027-06-17,340,call,3766
2027-06-17,340,put,5
2027-06-17,350,call,11191
2027-06-17,350,put,0
2027-06-17,360,call,4586
2027-06-17,360,put,0
2027-06-17,370,call,5118
2027-06-17,370,put,0
2027-06-17,380,call,4213
2027-06-17,380,put,0
2027-06-17,390,call,1131
2027-06-17,390,put,0
2027-06-17,400,call,4174
2027-06-17,400,put,0
2027-06-17,410,call,914
2027-06-17,410,put,0
2027-06-17,420,call,9539
2027-06-17,420,put,0
2027-06-17,430,call,524
2027-06-17,430,put,0
2027-06-17,440,call,889
2027-06-17,440,put,0
2027-06-17,450,call,1784
2027-06-17,450,put,0
2027-06-17,455,call,286
2027-06-17,455,put,0
2027-06-17,460,call,7471
2027-06-17,460,put,0
2027-06-17,470,call,0
2027-06-17,470,put,0
2027-06-17,480,call,265
2027-06-17,480,put,0
2027-09-17,5,call,0
2027-09-17,5,put,10
2027-09-17,10,call,0
2027-09-17,10,put,0
2027-09-17,15,call,0
2027-09-17,15,put,0
2027-09-17,20,call,2
2027-09-17,20,put,3
2027-09-17,25,call,0
2027-09-17,25,put,1
2027-09-17,30,call,0
2027-09-17,30,put,0
2027-09-17,35,call,0
2027-09-17,35,put,2
2027-09-17,40,call,0
2027-09-17,40,put,65
2027-09-17,45,call,0
2027-09-17,45,put,2
2027-09-17,50,call,1
2027-09-17,50,put,68
2027-09-17,55,call,270
2027-09-17,55,put,2832
2027-09-17,60,call,105
2027-09-17,60,put,364
2027-09-17,65,call,82
2027-09-17,65,put,256
2027-09-17,70,call,119
2027-09-17,70,put,602
2027-09-17,75,call,171
2027-09-17,75,put,171
2027-09-17,80,call,132
2027-09-17,80,put,434
2027-09-17,85,call,179
2027-09-17,85,put,404
2027-09-17,90,call,216
2027-09-17,90,put,804
2027-09-17,95,call,95
2027-09-17,95,put,861
2027-09-17,100,call,423
2027-09-17,100,put,2732
2027-09-17,105,call,176
2027-09-17,105,put,723
2027-09-17,110,call,583
2027-09-17,110,put,1273
2027-09-17,115,call,444
2027-09-17,115,put,1186
2027-09-17,120,call,511
2027-09-17,120,put,2675
2027-09-17,125,call,436
2027-09-17,125,put,3898
2027-09-17,130,call,641
2027-09-17,130,put,4329
2027-09-17,135,call,741
2027-09-17,135,put,2528
2027-09-17,140,call,1827
2027-09-17,140,put,5933
2027-09-17,145,call,508
2027-09-17,145,put,4802
2027-09-17,150,call,2101
2027-09-17,150,put,13736
2027-09-17,155,call,599
2027-09-17,155,put,2541
2027-09-17,160,call,1516
2027-09-17,160,put,5234
2027-09-17,165,call,528
2027-09-17,165,put,2174
2027-09-17,170,call,721
2027-09-17,170,put,6114
2027-09-17,175,call,860
2027-09-17,175,put,4682
2027-09-17,180,call,1179
2027-09-17,180,put,10046
2027-09-17,185,call,868
2027-09-17,185,put,4283
2027-09-17,190,call,1639
2027-09-17,190,put,7431
2027-09-17,195,call,1201
2027-09-17,195,put,3090
2027-09-17,200,call,3754
2027-09-17,200,put,10050
2027-09-17,205,call,2171
2027-09-17,205,put,3953
2027-09-17,210,call,3518
2027-09-17,210,put,3132
2027-09-17,215,call,2052
2027-09-17,215,put,2902
2027-09-17,220,call,4791
2027-09-17,220,put,3837
2027-09-17,225,call,9727
2027-09-17,225,put,4696
2027-09-17,230,call,7178
2027-09-17,230,put,5705
2027-09-17,235,call,4131
2027-09-17,235,put,4496
2027-09-17,240,call,4463
2027-09-17,240,put,1751
2027-09-17,245,call,1852
2027-09-17,245,put,988
2027-09-17,250,call,5787
2027-09-17,250,put,1593
2027-09-17,255,call,1811
2027-09-17,255,put,651
2027-09-17,260,call,4146
2027-09-17,260,put,255
2027-09-17,265,call,1856
2027-09-17,265,put,128
2027-09-17,270,call,3264
2027-09-17,270,put,460
2027-09-17,275,call,2225
2027-09-17,275,put,122
2027-09-17,280,call,3521
2027-09-17,280,put,600
2027-09-17,285,call,2132
2027-09-17,285,put,136
2027-09-17,290,call,2279
2027-09-17,290,put,198
2027-09-17,295,call,1609
2027-09-17,295,put,956
2027-09-17,300,call,6750
2027-09-17,300,put,1054
2027-09-17,310,call,2897
2027-09-17,310,put,906
2027-09-17,320,call,3086
2027-09-17,320,put,2751
2027-09-17,330,call,1810
2027-09-17,330,put,1327
2027-09-17,340,call,2563
2027-09-17,340,put,44
2027-09-17,350,call,1795
2027-09-17,350,put,5
2027-09-17,360,call,649
2027-09-17,360,put,0
2027-09-17,370,call,6762
2027-09-17,370,put,0
2027-09-17,380,call,652
2027-09-17,380,put,0
2027-09-17,390,call,870
2027-09-17,390,put,0
2027-09-17,400,call,1696
2027-09-17,400,put,0
2027-09-17,410,call,336
2027-09-17,410,put,0
2027-09-17,420,call,1065
2027-09-17,420,put,0
2027-09-17,430,call,247
2027-09-17,430,put,0
2027-09-17,440,call,324
2027-09-17,440,put,0
2027-09-17,450,call,1626
2027-09-17,450,put,0
2027-09-17,455,call,366
2027-09-17,455,put,0
2027-09-17,460,call,2022
2027-09-17,460,put,0
2027-09-17,470,call,3
2027-09-17,470,put,0
2027-09-17,480,call,82
2027-09-17,480,put,0
2027-12-17,5,call,15777
2027-12-17,5,put,30619
2027-12-17,10,call,323
2027-12-17,10,put,1510
2027-12-17,15,call,439
2027-12-17,15,put,24087
2027-12-17,20,call,1054
2027-12-17,20,put,2798
2027-12-17,25,call,705
2027-12-17,25,put,1307
2027-12-17,30,call,717
2027-12-17,30,put,1022
2027-12-17,35,call,1056
2027-12-17,35,put,2228
2027-12-17,40,call,801
2027-12-17,40,put,4755
2027-12-17,45,call,601
2027-12-17,45,put,5057
2027-12-17,50,call,1152
2027-12-17,50,put,10266
2027-12-17,55,call,1415
2027-12-17,55,put,4270
2027-12-17,60,call,1507
2027-12-17,60,put,17949
2027-12-17,65,call,815
2027-12-17,65,put,1142
2027-12-17,70,call,4047
2027-12-17,70,put,7960
2027-12-17,75,call,1742
2027-12-17,75,put,10843
2027-12-17,80,call,2068
2027-12-17,80,put,8935
2027-12-17,85,call,973
2027-12-17,85,put,9528
2027-12-17,90,call,3435
2027-12-17,90,put,25625
2027-12-17,95,call,4269
2027-12-17,95,put,4388
2027-12-17,100,call,15912
2027-12-17,100,put,23898
2027-12-17,105,call,7170
2027-12-17,105,put,2909
2027-12-17,110,call,9612
2027-12-17,110,put,12175
2027-12-17,115,call,3664
2027-12-17,115,put,6099
2027-12-17,120,call,7959
2027-12-17,120,put,18112
2027-12-17,125,call,3947
2027-12-17,125,put,9507
2027-12-17,130,call,7388
2027-12-17,130,put,5308
2027-12-17,135,call,4178
2027-12-17,135,put,4433
2027-12-17,140,call,5075
2027-12-17,140,put,16111
2027-12-17,145,call,4897
2027-12-17,145,put,1926
2027-12-17,150,call,13074
2027-12-17,150,put,16493
2027-12-17,155,call,9091
2027-12-17,155,put,4527
2027-12-17,160,call,4332
2027-12-17,160,put,5334
2027-12-17,165,call,1874
2027-12-17,165,put,3851
2027-12-17,170,call,4468
2027-12-17,170,put,9331
2027-12-17,175,call,5639
2027-12-17,175,put,5982
2027-12-17,180,call,7234
2027-12-17,180,put,4710
2027-12-17,185,call,4868
2027-12-17,185,put,2940
2027-12-17,190,call,6752
2027-12-17,190,put,5148
2027-12-17,195,call,4590
2027-12-17,195,put,3661
2027-12-17,200,call,37273
2027-12-17,200,put,7246
2027-12-17,205,call,915
2027-12-17,205,put,1689
2027-12-17,210,call,22537
2027-12-17,210,put,4253
2027-12-17,215,call,6303
2027-12-17,215,put,3655
2027-12-17,220,call,9262
2027-12-17,220,put,9696
2027-12-17,225,call,4732
2027-12-17,225,put,4431
2027-12-17,230,call,17891
2027-12-17,230,put,3683
2027-12-17,235,call,921
2027-12-17,235,put,1647
2027-12-17,240,call,10912
2027-12-17,240,put,7353
2027-12-17,245,call,474
2027-12-17,245,put,1624
2027-12-17,250,call,8909
2027-12-17,250,put,2455
2027-12-17,255,call,1544
2027-12-17,255,put,2997
2027-12-17,260,call,6595
2027-12-17,260,put,3104
2027-12-17,265,call,1676
2027-12-17,265,put,64
2027-12-17,270,call,9325
2027-12-17,270,put,1847
2027-12-17,275,call,1613
2027-12-17,275,put,76
2027-12-17,280,call,7549
2027-12-17,280,put,782
2027-12-17,285,call,2761
2027-12-17,285,put,41
2027-12-17,290,call,5908
2027-12-17,290,put,1020
2027-12-17,295,call,2070
2027-12-17,295,put,612
2027-12-17,300,call,15278
2027-12-17,300,put,1643
2027-12-17,310,call,4200
2027-12-17,310,put,3294
2027-12-17,320,call,5207
2027-12-17,320,put,3084
2027-12-17,330,call,5188
2027-12-17,330,put,2637
2027-12-17,340,call,4886
2027-12-17,340,put,3832
2027-12-17,350,call,12428
2027-12-17,350,put,560
2027-12-17,360,call,10052
2027-12-17,360,put,175
2027-12-17,380,call,1584
2027-12-17,380,put,0
2027-12-17,390,call,4506
2027-12-17,390,put,0
2027-12-17,400,call,3461
2027-12-17,400,put,1
2027-12-17,410,call,1135
2027-12-17,410,put,0
2027-12-17,420,call,4493
2027-12-17,420,put,0
2027-12-17,430,call,622
2027-12-17,430,put,0
2027-12-17,440,call,498
2027-12-17,440,put,0
2027-12-17,450,call,601
2027-12-17,450,put,0
2027-12-17,455,call,557
2027-12-17,455,put,0
2027-12-17,460,call,3786
2027-12-17,460,put,0
2027-12-17,470,call,0
2027-12-17,470,put,0
2027-12-17,480,call,27
2027-12-17,480,put,0
2028-01-21,5,call,1602
2028-01-21,5,put,6940
2028-01-21,10,call,291
2028-01-21,10,put,5948
2028-01-21,15,call,107
2028-01-21,15,put,1856
2028-01-21,20,call,3076
2028-01-21,20,put,2750
2028-01-21,25,call,790
2028-01-21,25,put,527
2028-01-21,30,call,490
2028-01-21,30,put,766
2028-01-21,35,call,498
2028-01-21,35,put,624
2028-01-21,40,call,269
2028-01-21,40,put,841
2028-01-21,45,call,141
2028-01-21,45,put,4115
2028-01-21,50,call,421
2028-01-21,50,put,7295
2028-01-21,55,call,334
2028-01-21,55,put,360
2028-01-21,60,call,283
2028-01-21,60,put,1782
2028-01-21,65,call,684
2028-01-21,65,put,374
2028-01-21,70,call,419
2028-01-21,70,put,1605
2028-01-21,75,call,366
2028-01-21,75,put,1588
2028-01-21,80,call,800
2028-01-21,80,put,8896
2028-01-21,85,call,389
2028-01-21,85,put,678
2028-01-21,90,call,1749
2028-01-21,90,put,2310
2028-01-21,95,call,201
2028-01-21,95,put,1711
2028-01-21,100,call,3119
2028-01-21,100,put,9244
2028-01-21,105,call,1021
2028-01-21,105,put,4514
2028-01-21,110,call,701
2028-01-21,110,put,7820
2028-01-21,115,call,921
2028-01-21,115,put,3344
2028-01-21,120,call,1991
2028-01-21,120,put,10240
2028-01-21,125,call,618
2028-01-21,125,put,11641
2028-01-21,130,call,2269
2028-01-21,130,put,11640
2028-01-21,135,call,824
2028-01-21,135,put,5192
2028-01-21,140,call,4012
2028-01-21,140,put,22495
2028-01-21,145,call,1555
2028-01-21,145,put,9089
2028-01-21,150,call,6051
2028-01-21,150,put,28498
2028-01-21,155,call,974
2028-01-21,155,put,5697
2028-01-21,160,call,2368
2028-01-21,160,put,6040
2028-01-21,165,call,1348
2028-01-21,165,put,9046
2028-01-21,170,call,4957
2028-01-21,170,put,5360
2028-01-21,175,call,8213
2028-01-21,175,put,8013
2028-01-21,180,call,14041
2028-01-21,180,put,21708
2028-01-21,185,call,9314
2028-01-21,185,put,8730
2028-01-21,190,call,8783
2028-01-21,190,put,13311
2028-01-21,195,call,6955
2028-01-21,195,put,4157
2028-01-21,200,call,28161
2028-01-21,200,put,28949
2028-01-21,205,call,1025
2028-01-21,205,put,6670
2028-01-21,210,call,9653
2028-01-21,210,put,6150
2028-01-21,215,call,1637
2028-01-21,215,put,6185
2028-01-21,220,call,10226
2028-01-21,220,put,7942
2028-01-21,225,call,5918
2028-01-21,225,put,2281
2028-01-21,230,call,15779
2028-01-21,230,put,7289
2028-01-21,235,call,1566
2028-01-21,235,put,3611
2028-01-21,240,call,10654
2028-01-21,240,put,1076
2028-01-21,245,call,2772
2028-01-21,245,put,3139
2028-01-21,250,call,36852
2028-01-21,250,put,2561
2028-01-21,255,call,1139
2028-01-21,255,put,489
2028-01-21,260,call,10045
2028-01-21,260,put,3951
2028-01-21,265,call,1618
2028-01-21,265,put,339
2028-01-21,270,call,9072
2028-01-21,270,put,591
2028-01-21,275,call,1485
2028-01-21,275,put,229
2028-01-21,280,call,9534
2028-01-21,280,put,1418
2028-01-21,285,call,1244
2028-01-21,285,put,491
2028-01-21,290,call,5276
2028-01-21,290,put,335
2028-01-21,295,call,4134
2028-01-21,295,put,203
2028-01-21,300,call,97722
2028-01-21,300,put,1463
2028-01-21,310,call,9684
2028-01-21,310,put,980
2028-01-21,320,call,6795
2028-01-21,320,put,795
2028-01-21,330,call,4657
2028-01-21,330,put,1423
2028-01-21,340,call,3149
2028-01-21,340,put,1025
2028-01-21,350,call,31102
2028-01-21,350,put,618
2028-01-21,360,call,7990
2028-01-21,360,put,117
2028-01-21,370,call,5454
2028-01-21,370,put,45
2028-01-21,380,call,9900
2028-01-21,380,put,47
2028-01-21,390,call,8208
2028-01-21,390,put,41
2028-01-21,400,call,51439
2028-01-21,400,put,0
2028-01-21,410,call,21594
2028-01-21,410,put,0
2028-01-21,420,call,21647
2028-01-21,420,put,0
2028-01-21,430,call,2082
2028-01-21,430,put,0
2028-01-21,440,call,3106
2028-01-21,440,put,0
2028-01-21,450,call,11005
2028-01-21,450,put,0
2028-01-21,455,call,359
2028-01-21,455,put,0
2028-01-21,460,call,25515
2028-01-21,460,put,0
2028-01-21,470,call,0
2028-01-21,470,put,0
2028-01-21,480,call,47
2028-01-21,480,put,0
2028-06-16,5,call,178
2028-06-16,5,put,1
2028-06-16,10,call,2
2028-06-16,10,put,115
2028-06-16,15,call,5
2028-06-16,15,put,261
2028-06-16,20,call,115
2028-06-16,20,put,408
2028-06-16,25,call,115
2028-06-16,25,put,8
2028-06-16,30,call,65
2028-06-16,30,put,12
2028-06-16,35,call,30
2028-06-16,35,put,20
2028-06-16,40,call,101
2028-06-16,40,put,745
2028-06-16,45,call,235
2028-06-16,45,put,298
2028-06-16,50,call,261
2028-06-16,50,put,221
2028-06-16,55,call,335
2028-06-16,55,put,723
2028-06-16,60,call,308
2028-06-16,60,put,258
2028-06-16,65,call,449
2028-06-16,65,put,30
2028-06-16,70,call,313
2028-06-16,70,put,860
2028-06-16,75,call,329
2028-06-16,75,put,1232
2028-06-16,80,call,595
2028-06-16,80,put,693
2028-06-16,85,call,301
2028-06-16,85,put,834
2028-06-16,90,call,570
2028-06-16,90,put,3141
2028-06-16,95,call,236
2028-06-16,95,put,915
2028-06-16,100,call,483
2028-06-16,100,put,2302
2028-06-16,105,call,219
2028-06-16,105,put,941
2028-06-16,110,call,620
2028-06-16,110,put,1483
2028-06-16,115,call,269
2028-06-16,115,put,313
2028-06-16,120,call,358
2028-06-16,120,put,4125
2028-06-16,125,call,603
2028-06-16,125,put,2322
2028-06-16,130,call,523
2028-06-16,130,put,3337
2028-06-16,135,call,578
2028-06-16,135,put,3239
2028-06-16,140,call,465
2028-06-16,140,put,961
2028-06-16,145,call,185
2028-06-16,145,put,963
2028-06-16,150,call,487
2028-06-16,150,put,6544
2028-06-16,155,call,284
2028-06-16,155,put,6823
2028-06-16,160,call,434
2028-06-16,160,put,5705
2028-06-16,165,call,379
2028-06-16,165,put,1026
2028-06-16,170,call,780
2028-06-16,170,put,9226
2028-06-16,175,call,420
2028-06-16,175,put,1130
2028-06-16,180,call,513
2028-06-16,180,put,3042
2028-06-16,185,call,692
2028-06-16,185,put,1500
2028-06-16,190,call,645
2028-06-16,190,put,3721
2028-06-16,195,call,510
2028-06-16,195,put,2857
2028-06-16,200,call,1149
2028-06-16,200,put,7016
2028-06-16,205,call,560
2028-06-16,205,put,1268
2028-06-16,210,call,1406
2028-06-16,210,put,1650
2028-06-16,215,call,4357
2028-06-16,215,put,926
2028-06-16,220,call,4114
2028-06-16,220,put,6410
2028-06-16,225,call,1881
2028-06-16,225,put,878
2028-06-16,230,call,2693
2028-06-16,230,put,4413
2028-06-16,235,call,544
2028-06-16,235,put,2723
2028-06-16,240,call,1771
2028-06-16,240,put,272
2028-06-16,245,call,1321
2028-06-16,245,put,58
2028-06-16,250,call,5341
2028-06-16,250,put,202
2028-06-16,255,call,940
2028-06-16,255,put,329
2028-06-16,260,call,1581
2028-06-16,260,put,123
2028-06-16,265,call,1433
2028-06-16,265,put,350
2028-06-16,270,call,496
2028-06-16,270,put,901
2028-06-16,275,call,743
2028-06-16,275,put,855
2028-06-16,280,call,386
2028-06-16,280,put,2868
2028-06-16,285,call,439
2028-06-16,285,put,2029
2028-06-16,290,call,1067
2028-06-16,290,put,247
2028-06-16,295,call,413
2028-06-16,295,put,66
2028-06-16,300,call,5872
2028-06-16,300,put,250
2028-06-16,305,call,398
2028-06-16,305,put,87
2028-06-16,310,call,2359
2028-06-16,310,put,62
2028-06-16,315,call,199
2028-06-16,315,put,100
2028-06-16,320,call,476
2028-06-16,320,put,383
2028-06-16,325,call,573
2028-06-16,325,put,108
2028-06-16,330,call,2760
2028-06-16,330,put,253
2028-06-16,335,call,318
2028-06-16,335,put,398
2028-06-16,340,call,642
2028-06-16,340,put,269
2028-06-16,345,call,352
2028-06-16,345,put,30
2028-06-16,350,call,7671
2028-06-16,350,put,163
2028-06-16,360,call,849
2028-06-16,360,put,82
2028-06-16,370,call,499
2028-06-16,370,put,32
2028-06-16,380,call,1859
2028-06-16,380,put,17
2028-06-16,390,call,686
2028-06-16,390,put,1
2028-06-16,400,call,4934
2028-06-16,400,put,0
2028-06-16,410,call,643
2028-06-16,410,put,15
2028-06-16,420,call,395
2028-06-16,420,put,0
2028-06-16,430,call,2547
2028-06-16,430,put,0
2028-06-16,440,call,259
2028-06-16,440,put,0
2028-06-16,450,call,1541
2028-06-16,450,put,0
2028-06-16,460,call,5135
2028-06-16,460,put,0
2028-06-16,470,call,3
2028-06-16,470,put,0
2028-06-16,480,call,326
2028-06-16,480,put,0
2028-09-15,420,call,51
2028-09-15,420,put,0
2028-09-15,430,call,134
2028-09-15,430,put,0
2028-09-15,440,call,0
2028-09-15,440,put,0
2028-09-15,450,call,0
2028-09-15,450,put,0
2028-09-15,460,call,0
2028-09-15,460,put,0
2028-09-15,470,call,0
2028-09-15,470,put,0
2028-09-15,480,call,67
2028-09-15,480,put,0
2028-12-15,5,call,639
2028-12-15,5,put,5841
2028-12-15,10,call,111
2028-12-15,10,put,3367
2028-12-15,15,call,122
2028-12-15,15,put,4073
2028-12-15,20,call,1396
2028-12-15,20,put,2700
2028-12-15,25,call,720
2028-12-15,25,put,948
2028-12-15,30,call,776
2028-12-15,30,put,1619
2028-12-15,35,call,1042
2028-12-15,35,put,522
2028-12-15,40,call,466
2028-12-15,40,put,379
2028-12-15,45,call,1093
2028-12-15,45,put,197
2028-12-15,50,call,719
2028-12-15,50,put,3743
2028-12-15,55,call,963
2028-12-15,55,put,350
2028-12-15,60,call,1931
2028-12-15,60,put,423
2028-12-15,65,call,912
2028-12-15,65,put,405
2028-12-15,70,call,1229
2028-12-15,70,put,711
2028-12-15,75,call,1705
2028-12-15,75,put,1433
2028-12-15,80,call,1701
2028-12-15,80,put,1809
2028-12-15,85,call,697
2028-12-15,85,put,1022
2028-12-15,90,call,5702
2028-12-15,90,put,1500
2028-12-15,95,call,2462
2028-12-15,95,put,2159
2028-12-15,100,call,8222
2028-12-15,100,put,5838
2028-12-15,105,call,914
2028-12-15,105,put,2014
2028-12-15,110,call,994
2028-12-15,110,put,3414
2028-12-15,115,call,704
2028-12-15,115,put,5062
2028-12-15,120,call,5971
2028-12-15,120,put,10263
2028-12-15,125,call,602
2028-12-15,125,put,2118
2028-12-15,130,call,2963
2028-12-15,130,put,16300
2028-12-15,135,call,606
2028-12-15,135,put,2739
2028-12-15,140,call,5589
2028-12-15,140,put,4701
2028-12-15,145,call,1413
2028-12-15,145,put,3093
2028-12-15,150,call,3764
2028-12-15,150,put,20959
2028-12-15,155,call,1070
2028-12-15,155,put,4929
2028-12-15,160,call,2840
2028-12-15,160,put,4120
2028-12-15,165,call,1314
2028-12-15,165,put,5416
2028-12-15,170,call,4072
2028-12-15,170,put,13215
2028-12-15,175,call,2446
2028-12-15,175,put,4893
2028-12-15,180,call,5297
2028-12-15,180,put,14339
2028-12-15,185,call,6078
2028-12-15,185,put,7869
2028-12-15,190,call,5530
2028-12-15,190,put,5741
2028-12-15,195,call,2367
2028-12-15,195,put,5851
2028-12-15,200,call,28254
2028-12-15,200,put,11260
2028-12-15,205,call,3459
2028-12-15,205,put,2952
2028-12-15,210,call,7031
2028-12-15,210,put,4578
2028-12-15,215,call,2687
2028-12-15,215,put,1078
2028-12-15,220,call,14234
2028-12-15,220,put,5410
2028-12-15,225,call,8044
2028-12-15,225,put,1495
2028-12-15,230,call,7605
2028-12-15,230,put,4161
2028-12-15,235,call,3191
2028-12-15,235,put,804
2028-12-15,240,call,4560
2028-12-15,240,put,1613
2028-12-15,245,call,1727
2028-12-15,245,put,1773
2028-12-15,250,call,20171
2028-12-15,250,put,4279
2028-12-15,255,call,1640
2028-12-15,255,put,435
2028-12-15,260,call,4935
2028-12-15,260,put,2347
2028-12-15,265,call,949
2028-12-15,265,put,220
2028-12-15,270,call,3142
2028-12-15,270,put,1115
2028-12-15,275,call,2630
2028-12-15,275,put,459
2028-12-15,280,call,4788
2028-12-15,280,put,1569
2028-12-15,285,call,2017
2028-12-15,285,put,344
2028-12-15,290,call,6629
2028-12-15,290,put,1336
2028-12-15,295,call,864
2028-12-15,295,put,419
2028-12-15,300,call,19096
2028-12-15,300,put,6468
2028-12-15,310,call,3793
2028-12-15,310,put,1128
2028-12-15,320,call,2217
2028-12-15,320,put,956
2028-12-15,330,call,8871
2028-12-15,330,put,4087
2028-12-15,340,call,8856
2028-12-15,340,put,923
2028-12-15,350,call,7805
2028-12-15,350,put,6571
2028-12-15,360,call,3579
2028-12-15,360,put,7422
2028-12-15,370,call,5479
2028-12-15,370,put,1064
2028-12-15,380,call,17646
2028-12-15,380,put,1515
2028-12-15,390,call,425
2028-12-15,390,put,2563
2028-12-15,400,call,10289
2028-12-15,400,put,1688
2028-12-15,410,call,1016
2028-12-15,410,put,6
2028-12-15,420,call,9170
2028-12-15,420,put,1
2028-12-15,430,call,359
2028-12-15,430,put,0
2028-12-15,440,call,4194
2028-12-15,440,put,0
2028-12-15,450,call,7097
2028-12-15,450,put,0
2028-12-15,460,call,24055
2028-12-15,460,put,0
2029-01-19,5,call,317
2029-01-19,5,put,298
2029-01-19,10,call,2
2029-01-19,10,put,5
2029-01-19,15,call,0
2029-01-19,15,put,1
2029-01-19,20,call,14
2029-01-19,20,put,1
2029-01-19,25,call,175
2029-01-19,25,put,0
2029-01-19,30,call,2
2029-01-19,30,put,8
2029-01-19,35,call,0
2029-01-19,35,put,0
2029-01-19,40,call,70
2029-01-19,40,put,295
2029-01-19,45,call,15
2029-01-19,45,put,0
2029-01-19,50,call,15
2029-01-19,50,put,138
2029-01-19,55,call,40
2029-01-19,55,put,25
2029-01-19,60,call,22
2029-01-19,60,put,5
2029-01-19,65,call,51
2029-01-19,65,put,50
2029-01-19,70,call,47
2029-01-19,70,put,141
2029-01-19,75,call,67
2029-01-19,75,put,16
2029-01-19,80,call,47
2029-01-19,80,put,3
2029-01-19,85,call,63
2029-01-19,85,put,8
2029-01-19,90,call,43
2029-01-19,90,put,6
2029-01-19,95,call,13
2029-01-19,95,put,29
2029-01-19,100,call,99
2029-01-19,100,put,148
2029-01-19,105,call,113
2029-01-19,105,put,64
2029-01-19,110,call,45
2029-01-19,110,put,56
2029-01-19,115,call,577
2029-01-19,115,put,44
2029-01-19,120,call,118
2029-01-19,120,put,97
2029-01-19,125,call,878
2029-01-19,125,put,22
2029-01-19,130,call,373
2029-01-19,130,put,471
2029-01-19,135,call,34
2029-01-19,135,put,110
2029-01-19,140,call,132
2029-01-19,140,put,89
2029-01-19,145,call,31
2029-01-19,145,put,26
2029-01-19,150,call,250
2029-01-19,150,put,284
2029-01-19,155,call,20
2029-01-19,155,put,78
2029-01-19,160,call,118
2029-01-19,160,put,503
2029-01-19,165,call,57
2029-01-19,165,put,90
2029-01-19,170,call,50
2029-01-19,170,put,355
2029-01-19,175,call,283
2029-01-19,175,put,185
2029-01-19,180,call,282
2029-01-19,180,put,2023
2029-01-19,185,call,95
2029-01-19,185,put,1616
2029-01-19,190,call,149
2029-01-19,190,put,177
2029-01-19,195,call,115
2029-01-19,195,put,100
2029-01-19,200,call,10347
2029-01-19,200,put,486
2029-01-19,205,call,39
2029-01-19,205,put,58
2029-01-19,210,call,2361
2029-01-19,210,put,64
2029-01-19,215,call,275
2029-01-19,215,put,51
2029-01-19,220,call,669
2029-01-19,220,put,740
2029-01-19,225,call,547
2029-01-19,225,put,146
2029-01-19,230,call,576
2029-01-19,230,put,422
2029-01-19,235,call,202
2029-01-19,235,put,89
2029-01-19,240,call,660
2029-01-19,240,put,148
2029-01-19,245,call,201
2029-01-19,245,put,43
2029-01-19,250,call,604
2029-01-19,250,put,148
2029-01-19,255,call,227
2029-01-19,255,put,110
2029-01-19,260,call,540
2029-01-19,260,put,187
2029-01-19,265,call,199
2029-01-19,265,put,32
2029-01-19,270,call,774
2029-01-19,270,put,150
2029-01-19,275,call,544
2029-01-19,275,put,87
2029-01-19,280,call,196
2029-01-19,280,put,39
2029-01-19,285,call,54
2029-01-19,285,put,60
2029-01-19,290,call,320
2029-01-19,290,put,79
2029-01-19,295,call,35
2029-01-19,295,put,40
2029-01-19,300,call,2292
2029-01-19,300,put,97
2029-01-19,310,call,907
2029-01-19,310,put,44
2029-01-19,320,call,198
2029-01-19,320,put,7
2029-01-19,330,call,538
2029-01-19,330,put,13
2029-01-19,340,call,57
2029-01-19,340,put,67
2029-01-19,350,call,390
2029-01-19,350,put,246
2029-01-19,360,call,603
2029-01-19,360,put,1
2029-01-19,370,call,82
2029-01-19,370,put,15
2029-01-19,380,call,179
2029-01-19,380,put,50
2029-01-19,390,call,54
2029-01-19,390,put,95
2029-01-19,400,call,390
2029-01-19,400,put,6
2029-01-19,410,call,63
2029-01-19,410,put,51
2029-01-19,420,call,943
2029-01-19,420,put,5
2029-01-19,430,call,0
2029-01-19,430,put,0
2029-01-19,440,call,3
2029-01-19,440,put,0
2029-01-19,450,call,57
2029-01-19,450,put,0
2029-01-19,460,call,20
2029-01-19,460,put,0
2029-01-19,470,call,2
2029-01-19,470,put,0
2029-01-19,480,call,31
2029-01-19,480,put,0
