expiry,strike,side,oi
2026-10-09,50,call,0
2026-10-09,50,put,42
2026-10-09,55,call,0
2026-10-09,55,put,459
2026-10-09,60,call,0
2026-10-09,60,put,4518
2026-10-09,65,call,0
2026-10-09,65,put,15
2026-10-09,70,call,0
2026-10-09,70,put,0
2026-10-09,75,call,0
2026-10-09,75,put,2184
2026-10-09,80,call,0
2026-10-09,80,put,442
2026-10-09,85,call,0
2026-10-09,85,put,626
2026-10-09,90,call,0
2026-10-09,90,put,86
2026-10-09,95,call,0
2026-10-09,95,put,511
2026-10-09,100,call,0
2026-10-09,100,put,1751
2026-10-09,105,call,0
2026-10-09,105,put,13951
2026-10-09,110,call,0
2026-10-09,110,put,46136
2026-10-09,115,call,0
2026-10-09,115,put,28060
2026-10-09,120,call,0
2026-10-09,120,put,10569
2026-10-09,125,call,0
2026-10-09,125,put,1689
2026-10-09,130,call,0
2026-10-09,130,put,9952
2026-10-09,135,call,0
2026-10-09,135,put,2677
2026-10-09,140,call,0
2026-10-09,140,put,2362
2026-10-09,145,call,0
2026-10-09,145,put,2384
2026-10-09,150,call,0
2026-10-09,150,put,1653
2026-10-09,155,call,0
2026-10-09,155,put,1856
2026-10-09,160,call,0
2026-10-09,160,put,5430
2026-10-09,165,call,0
2026-10-09,165,put,4512
2026-10-09,170,call,0
2026-10-09,170,put,4279
2026-10-09,175,call,0
2026-10-09,175,put,6232
2026-10-09,180,call,0
2026-10-09,180,put,9880
2026-10-09,185,call,0
2026-10-09,185,put,8699
2026-10-09,190,call,0
2026-10-09,190,put,14103
2026-10-09,195,call,0
2026-10-09,195,put,10913
2026-10-09,197.5,call,0
2026-10-09,197.5,put,4849
2026-10-09,200,call,0
2026-10-09,200,put,22023
2026-10-09,202.5,call,0
2026-10-09,202.5,put,10505
2026-10-09,205,call,0
2026-10-09,205,put,11545
2026-10-09,207.5,call,0
2026-10-09,207.5,put,13181
2026-10-09,210,call,0
2026-10-09,210,put,7381
2026-10-09,212.5,call,0
2026-10-09,212.5,put,14170
2026-10-09,215,call,0
2026-10-09,215,put,12266
2026-10-09,217.5,call,0
2026-10-09,217.5,put,9491
2026-10-09,220,call,0
2026-10-09,220,put,30470
2026-10-09,222.5,call,0
2026-10-09,222.5,put,23557
2026-10-09,225,call,0
2026-10-09,225,put,25124
2026-10-09,227.5,call,0
2026-10-09,227.5,put,19122
2026-10-09,230,call,30731
2026-10-09,230,put,6
2026-10-09,232.5,call,37038
2026-10-09,232.5,put,0
2026-10-09,235,call,41818
2026-10-09,235,put,0
2026-10-09,237.5,call,24454
2026-10-09,237.5,put,0
2026-10-09,240,call,63360
2026-10-09,240,put,0
2026-10-09,242.5,call,27741
2026-10-09,242.5,put,0
2026-10-09,245,call,42883
2026-10-09,245,put,0
2026-10-09,247.5,call,45516
2026-10-09,247.5,put,0
2026-10-09,250,call,24181
2026-10-09,250,put,0
2026-10-09,252.5,call,16477
2026-10-09,252.5,put,0
2026-10-09,255,call,17151
2026-10-09,255,put,0
2026-10-09,257.5,call,4963
2026-10-09,257.5,put,0
2026-10-09,260,call,13800
2026-10-09,260,put,0
2026-10-09,262.5,call,1334
2026-10-09,262.5,put,0
2026-10-09,265,call,10031
2026-10-09,265,put,0
2026-10-09,270,call,3087
2026-10-09,270,put,0
2026-10-09,275,call,1698
2026-10-09,275,put,0
2026-10-09,280,call,2241
2026-10-09,280,put,0
2026-10-09,285,call,1235
2026-10-09,285,put,0
2026-10-09,290,call,640
2026-10-09,290,put,0
2026-10-09,295,call,527
2026-10-09,295,put,0
2026-10-09,300,call,320
2026-10-09,300,put,0
2026-10-09,305,call,307
2026-10-09,305,put,0
2026-10-09,310,call,454
2026-10-09,310,put,0
2026-10-09,315,call,184
2026-10-09,315,put,0
2026-10-09,320,call,30
2026-10-09,320,put,0
2026-10-09,325,call,1050
2026-10-09,325,put,0
2026-10-09,330,call,9
2026-10-09,330,put,0
2026-10-09,335,call,64
2026-10-09,335,put,0
2026-10-09,340,call,2
2026-10-09,340,put,0
2026-10-09,345,call,1
2026-10-09,345,put,0
2026-10-09,350,call,161
2026-10-09,350,put,0
2026-10-09,360,call,10
2026-10-09,360,put,0
2026-10-09,370,call,0
2026-10-09,370,put,0
2026-10-09,380,call,0
2026-10-09,380,put,0
2026-10-09,390,call,6
2026-10-09,390,put,0
2026-10-09,400,call,0
2026-10-09,400,put,0
2026-10-09,410,call,0
2026-10-09,410,put,0
2026-10-09,420,call,0
2026-10-09,420,put,0
2026-10-09,430,call,0
2026-10-09,430,put,0
2026-10-09,440,call,0
2026-10-09,440,put,0
2026-10-09,450,call,0
2026-10-09,450,put,0
2026-10-09,460,call,0
2026-10-09,460,put,0
2026-10-09,470,call,0
2026-10-09,470,put,0
2026-10-09,480,call,10
2026-10-09,480,put,0
2026-10-12,115,call,11
2026-10-12,115,put,254
2026-10-12,120,call,13
2026-10-12,120,put,187
2026-10-12,125,call,5
2026-10-12,125,put,0
2026-10-12,130,call,17
2026-10-12,130,put,0
2026-10-12,135,call,30
2026-10-12,135,put,1
2026-10-12,140,call,21
2026-10-12,140,put,0
2026-10-12,145,call,16
2026-10-12,145,put,28
2026-10-12,150,call,28
2026-10-12,150,put,94
2026-10-12,155,call,45
2026-10-12,155,put,2625
2026-10-12,160,call,11
2026-10-12,160,put,2185
2026-10-12,165,call,25
2026-10-12,165,put,352
2026-10-12,170,call,43
2026-10-12,170,put,987
2026-10-12,175,call,52
2026-10-12,175,put,668
2026-10-12,180,call,101
2026-10-12,180,put,1346
2026-10-12,185,call,64
2026-10-12,185,put,3251
2026-10-12,190,call,45
2026-10-12,190,put,1815
2026-10-12,195,call,22
2026-10-12,195,put,3683
2026-10-12,197.5,call,43
2026-10-12,197.5,put,3983
2026-10-12,200,call,203
2026-10-12,200,put,4922
2026-10-12,202.5,call,13
2026-10-12,202.5,put,4014
2026-10-12,205,call,17
2026-10-12,205,put,4203
2026-10-12,207.5,call,35
2026-10-12,207.5,put,4256
2026-10-12,210,call,99
2026-10-12,210,put,3584
2026-10-12,212.5,call,112
2026-10-12,212.5,put,2141
2026-10-12,215,call,111
2026-10-12,215,put,2444
2026-10-12,217.5,call,139
2026-10-12,217.5,put,1739
2026-10-12,220,call,548
2026-10-12,220,put,6057
2026-10-12,222.5,call,553
2026-10-12,222.5,put,4377
2026-10-12,225,call,825
2026-10-12,225,put,7237
2026-10-12,227.5,call,1351
2026-10-12,227.5,put,6071
2026-10-12,230,call,13557
2026-10-12,230,put,7422
2026-10-12,232.5,call,16800
2026-10-12,232.5,put,7360
2026-10-12,235,call,14648
2026-10-12,235,put,4294
2026-10-12,237.5,call,7312
2026-10-12,237.5,put,2358
2026-10-12,240,call,10687
2026-10-12,240,put,2684
2026-10-12,242.5,call,4898
2026-10-12,242.5,put,492
2026-10-12,245,call,4729
2026-10-12,245,put,106
2026-10-12,247.5,call,3505
2026-10-12,247.5,put,79
2026-10-12,250,call,4303
2026-10-12,250,put,8
2026-10-12,252.5,call,1593
2026-10-12,252.5,put,10
2026-10-12,255,call,1871
2026-10-12,255,put,8
2026-10-12,257.5,call,1968
2026-10-12,257.5,put,3
2026-10-12,260,call,1885
2026-10-12,260,put,8
2026-10-12,262.5,call,29
2026-10-12,262.5,put,3
2026-10-12,265,call,670
2026-10-12,265,put,7
2026-10-12,270,call,338
2026-10-12,270,put,5
2026-10-12,275,call,123
2026-10-12,275,put,3
2026-10-12,280,call,228
2026-10-12,280,put,4
2026-10-12,285,call,12
2026-10-12,285,put,5
2026-10-12,290,call,1
2026-10-12,290,put,2
2026-10-12,295,call,45
2026-10-12,295,put,2
2026-10-12,300,call,4
2026-10-12,300,put,0
2026-10-14,115,call,0
2026-10-14,115,put,48
2026-10-14,120,call,0
2026-10-14,120,put,0
2026-10-14,125,call,0
2026-10-14,125,put,2
2026-10-14,130,call,0
2026-10-14,130,put,825
2026-10-14,135,call,0
2026-10-14,135,put,71
2026-10-14,140,call,2
2026-10-14,140,put,96
2026-10-14,145,call,12
2026-10-14,145,put,26
2026-10-14,150,call,0
2026-10-14,150,put,27
2026-10-14,155,call,0
2026-10-14,155,put,29
2026-10-14,160,call,0
2026-10-14,160,put,63
2026-10-14,165,call,0
2026-10-14,165,put,16
2026-10-14,170,call,2
2026-10-14,170,put,509
2026-10-14,175,call,3
2026-10-14,175,put,305
2026-10-14,180,call,15
2026-10-14,180,put,165
2026-10-14,185,call,34
2026-10-14,185,put,179
2026-10-14,190,call,13
2026-10-14,190,put,597
2026-10-14,195,call,3
2026-10-14,195,put,9614
2026-10-14,197.5,call,4
2026-10-14,197.5,put,761
2026-10-14,200,call,33
2026-10-14,200,put,203
2026-10-14,202.5,call,0
2026-10-14,202.5,put,720
2026-10-14,205,call,11
2026-10-14,205,put,504
2026-10-14,207.5,call,759
2026-10-14,207.5,put,272
2026-10-14,210,call,206
2026-10-14,210,put,730
2026-10-14,212.5,call,9
2026-10-14,212.5,put,215
2026-10-14,215,call,179
2026-10-14,215,put,2920
2026-10-14,217.5,call,206
2026-10-14,217.5,put,939
2026-10-14,220,call,531
2026-10-14,220,put,1390
2026-10-14,222.5,call,428
2026-10-14,222.5,put,2013
2026-10-14,225,call,369
2026-10-14,225,put,2314
2026-10-14,227.5,call,576
2026-10-14,227.5,put,2179
2026-10-14,230,call,4495
2026-10-14,230,put,2699
2026-10-14,232.5,call,2799
2026-10-14,232.5,put,2455
2026-10-14,235,call,4786
2026-10-14,235,put,1477
2026-10-14,237.5,call,6132
2026-10-14,237.5,put,1449
2026-10-14,240,call,5412
2026-10-14,240,put,605
2026-10-14,242.5,call,1882
2026-10-14,242.5,put,663
2026-10-14,245,call,5248
2026-10-14,245,put,137
2026-10-14,247.5,call,1174
2026-10-14,247.5,put,298
2026-10-14,250,call,5447
2026-10-14,250,put,14
2026-10-14,252.5,call,1035
2026-10-14,252.5,put,4
2026-10-14,255,call,1825
2026-10-14,255,put,7
2026-10-14,257.5,call,284
2026-10-14,257.5,put,3
2026-10-14,260,call,2600
2026-10-14,260,put,9
2026-10-14,262.5,call,5
2026-10-14,262.5,put,8
2026-10-14,265,call,143
2026-10-14,265,put,0
2026-10-14,270,call,1122
2026-10-14,270,put,0
2026-10-14,275,call,81
2026-10-14,275,put,4
2026-10-14,280,call,8
2026-10-14,280,put,0
2026-10-14,285,call,80
2026-10-14,285,put,0
2026-10-14,290,call,4
2026-10-14,290,put,0
2026-10-14,295,call,0
2026-10-14,295,put,0
2026-10-14,300,call,0
2026-10-14,300,put,0
2026-10-14,305,call,0
2026-10-14,305,put,0
2026-10-16,2.5,call,0
2026-10-16,2.5,put,0
2026-10-16,5,call,1
2026-10-16,5,put,4024
2026-10-16,7.5,call,0
2026-10-16,7.5,put,0
2026-10-16,10,call,6
2026-10-16,10,put,10
2026-10-16,12.5,call,0
2026-10-16,12.5,put,0
2026-10-16,15,call,3
2026-10-16,15,put,2
2026-10-16,17.5,call,0
2026-10-16,17.5,put,0
2026-10-16,20,call,0
2026-10-16,20,put,502
2026-10-16,22.5,call,0
2026-10-16,22.5,put,0
2026-10-16,25,call,0
2026-10-16,25,put,30
2026-10-16,30,call,7
2026-10-16,30,put,1
2026-10-16,35,call,0
2026-10-16,35,put,40
2026-10-16,40,call,2
2026-10-16,40,put,269
2026-10-16,45,call,26
2026-10-16,45,put,82
2026-10-16,50,call,20
2026-10-16,50,put,1487
2026-10-16,55,call,7
2026-10-16,55,put,7234
2026-10-16,60,call,6
2026-10-16,60,put,1746
2026-10-16,65,call,24
2026-10-16,65,put,8057
2026-10-16,70,call,13
2026-10-16,70,put,8943
2026-10-16,75,call,20
2026-10-16,75,put,363
2026-10-16,80,call,238
2026-10-16,80,put,738
2026-10-16,85,call,23
2026-10-16,85,put,1834
2026-10-16,90,call,148
2026-10-16,90,put,3796
2026-10-16,95,call,47
2026-10-16,95,put,3597
2026-10-16,100,call,248
2026-10-16,100,put,11963
2026-10-16,105,call,77
2026-10-16,105,put,7456
2026-10-16,110,call,231
2026-10-16,110,put,53629
2026-10-16,115,call,74
2026-10-16,115,put,15115
2026-10-16,120,call,207
2026-10-16,120,put,23628
2026-10-16,125,call,276
2026-10-16,125,put,12160
2026-10-16,130,call,307
2026-10-16,130,put,8684
2026-10-16,135,call,219
2026-10-16,135,put,11225
2026-10-16,140,call,514
2026-10-16,140,put,32974
2026-10-16,145,call,1576
2026-10-16,145,put,13006
2026-10-16,150,call,1102
2026-10-16,150,put,27688
2026-10-16,155,call,4661
2026-10-16,155,put,14260
2026-10-16,160,call,2372
2026-10-16,160,put,19903
2026-10-16,165,call,582
2026-10-16,165,put,25632
2026-10-16,170,call,1627
2026-10-16,170,put,33547
2026-10-16,175,call,2386
2026-10-16,175,put,21090
2026-10-16,180,call,63574
2026-10-16,180,put,34768
2026-10-16,185,call,1980
2026-10-16,185,put,24511
2026-10-16,190,call,3196
2026-10-16,190,put,24176
2026-10-16,195,call,6863
2026-10-16,195,put,33859
2026-10-16,197.5,call,58
2026-10-16,197.5,put,1871
2026-10-16,200,call,8208
2026-10-16,200,put,37744
2026-10-16,202.5,call,108
2026-10-16,202.5,put,7554
2026-10-16,205,call,8235
2026-10-16,205,put,27648
2026-10-16,207.5,call,869
2026-10-16,207.5,put,8185
2026-10-16,210,call,15720
2026-10-16,210,put,27197
2026-10-16,212.5,call,783
2026-10-16,212.5,put,9946
2026-10-16,215,call,23224
2026-10-16,215,put,18639
2026-10-16,217.5,call,1135
2026-10-16,217.5,put,7188
2026-10-16,220,call,99341
2026-10-16,220,put,59972
2026-10-16,222.5,call,2220
2026-10-16,222.5,put,11800
2026-10-16,225,call,25530
2026-10-16,225,put,23161
2026-10-16,227.5,call,4117
2026-10-16,227.5,put,7206
2026-10-16,230,call,56400
2026-10-16,230,put,22320
2026-10-16,232.5,call,39819
2026-10-16,232.5,put,4431
2026-10-16,235,call,72867
2026-10-16,235,put,11201
2026-10-16,237.5,call,42425
2026-10-16,237.5,put,6811
2026-10-16,240,call,67032
2026-10-16,240,put,7386
2026-10-16,242.5,call,39928
2026-10-16,242.5,put,4826
2026-10-16,245,call,43968
2026-10-16,245,put,3241
2026-10-16,247.5,call,7200
2026-10-16,247.5,put,301
2026-10-16,250,call,80202
2026-10-16,250,put,2912
2026-10-16,252.5,call,3941
2026-10-16,252.5,put,123
2026-10-16,255,call,24927
2026-10-16,255,put,536
2026-10-16,257.5,call,2573
2026-10-16,257.5,put,156
2026-10-16,260,call,73583
2026-10-16,260,put,28
2026-10-16,262.5,call,500
2026-10-16,262.5,put,8
2026-10-16,265,call,13492
2026-10-16,265,put,38
2026-10-16,270,call,24256
2026-10-16,270,put,19
2026-10-16,275,call,12038
2026-10-16,275,put,4
2026-10-16,280,call,15694
2026-10-16,280,put,1
2026-10-16,285,call,7351
2026-10-16,285,put,1
2026-10-16,290,call,11025
2026-10-16,290,put,0
2026-10-16,295,call,6785
2026-10-16,295,put,0
2026-10-16,300,call,14952
2026-10-16,300,put,3
2026-10-16,305,call,2458
2026-10-16,305,put,0
2026-10-16,310,call,4408
2026-10-16,310,put,1
2026-10-16,315,call,1079
2026-10-16,315,put,7
2026-10-16,320,call,2041
2026-10-16,320,put,0
2026-10-16,325,call,420
2026-10-16,325,put,0
2026-10-16,330,call,2184
2026-10-16,330,put,0
2026-10-16,335,call,1081
2026-10-16,335,put,0
2026-10-16,340,call,2487
2026-10-16,340,put,0
2026-10-16,345,call,856
2026-10-16,345,put,0
2026-10-16,350,call,12495
2026-10-16,350,put,0
2026-10-16,355,call,517
2026-10-16,355,put,0
2026-10-16,360,call,4986
2026-10-16,360,put,0
2026-10-16,365,call,1868
2026-10-16,365,put,1
2026-10-16,370,call,2653
2026-10-16,370,put,0
2026-10-16,375,call,1153
2026-10-16,375,put,0
2026-10-16,380,call,2369
2026-10-16,380,put,0
2026-10-16,385,call,804
2026-10-16,385,put,0
2026-10-16,390,call,1838
2026-10-16,390,put,0
2026-10-16,395,call,626
2026-10-16,395,put,0
2026-10-16,400,call,8331
2026-10-16,400,put,1
2026-10-16,405,call,870
2026-10-16,405,put,0
2026-10-16,410,call,1586
2026-10-16,410,put,0
2026-10-16,415,call,445
2026-10-16,415,put,0
2026-10-16,420,call,930
2026-10-16,420,put,0
2026-10-16,425,call,40
2026-10-16,425,put,0
2026-10-16,430,call,335
2026-10-16,430,put,0
2026-10-16,435,call,534
2026-10-16,435,put,0
2026-10-16,440,call,775
2026-10-16,440,put,0
2026-10-16,450,call,859
2026-10-16,450,put,0
2026-10-16,455,call,752
2026-10-16,455,put,0
2026-10-16,460,call,17126
2026-10-16,460,put,0
2026-10-16,470,call,0
2026-10-16,470,put,0
2026-10-16,480,call,0
2026-10-16,480,put,0
2026-10-19,120,call,0
2026-10-19,120,put,0
2026-10-19,125,call,0
2026-10-19,125,put,5
2026-10-19,130,call,0
2026-10-19,130,put,10
2026-10-19,135,call,0
2026-10-19,135,put,1
2026-10-19,140,call,0
2026-10-19,140,put,217
2026-10-19,145,call,0
2026-10-19,145,put,0
2026-10-19,150,call,0
2026-10-19,150,put,20
2026-10-19,155,call,0
2026-10-19,155,put,0
2026-10-19,160,call,1
2026-10-19,160,put,5
2026-10-19,165,call,0
2026-10-19,165,put,20
2026-10-19,170,call,0
2026-10-19,170,put,1
2026-10-19,175,call,0
2026-10-19,175,put,3
2026-10-19,180,call,1
2026-10-19,180,put,59
2026-10-19,185,call,0
2026-10-19,185,put,21
2026-10-19,190,call,0
2026-10-19,190,put,131
2026-10-19,195,call,35
2026-10-19,195,put,35
2026-10-19,197.5,call,0
2026-10-19,197.5,put,8
2026-10-19,200,call,9
2026-10-19,200,put,91
2026-10-19,202.5,call,5
2026-10-19,202.5,put,1
2026-10-19,205,call,10
2026-10-19,205,put,6
2026-10-19,207.5,call,10
2026-10-19,207.5,put,269
2026-10-19,210,call,14
2026-10-19,210,put,182
2026-10-19,212.5,call,14
2026-10-19,212.5,put,125
2026-10-19,215,call,77
2026-10-19,215,put,679
2026-10-19,217.5,call,55
2026-10-19,217.5,put,113
2026-10-19,220,call,515
2026-10-19,220,put,1003
2026-10-19,222.5,call,82
2026-10-19,222.5,put,115
2026-10-19,225,call,75
2026-10-19,225,put,507
2026-10-19,227.5,call,62
2026-10-19,227.5,put,201
2026-10-19,230,call,697
2026-10-19,230,put,733
2026-10-19,232.5,call,633
2026-10-19,232.5,put,240
2026-10-19,235,call,2530
2026-10-19,235,put,510
2026-10-19,237.5,call,603
2026-10-19,237.5,put,175
2026-10-19,240,call,1870
2026-10-19,240,put,533
2026-10-19,242.5,call,473
2026-10-19,242.5,put,38
2026-10-19,245,call,1355
2026-10-19,245,put,48
2026-10-19,247.5,call,9307
2026-10-19,247.5,put,7
2026-10-19,250,call,9400
2026-10-19,250,put,3
2026-10-19,252.5,call,115
2026-10-19,252.5,put,0
2026-10-19,255,call,398
2026-10-19,255,put,0
2026-10-19,257.5,call,82
2026-10-19,257.5,put,0
2026-10-19,260,call,315
2026-10-19,260,put,0
2026-10-19,262.5,call,370
2026-10-19,262.5,put,0
2026-10-19,265,call,519
2026-10-19,265,put,0
2026-10-19,270,call,571
2026-10-19,270,put,0
2026-10-19,275,call,76
2026-10-19,275,put,0
2026-10-19,280,call,78
2026-10-19,280,put,0
2026-10-19,285,call,6
2026-10-19,285,put,0
2026-10-19,290,call,2
2026-10-19,290,put,0
2026-10-19,295,call,0
2026-10-19,295,put,0
2026-10-19,300,call,10
2026-10-19,300,put,0
2026-10-19,305,call,0
2026-10-19,305,put,0
2026-10-21,120,call,0
2026-10-21,120,put,0
2026-10-21,125,call,0
2026-10-21,125,put,0
2026-10-21,130,call,0
2026-10-21,130,put,0
2026-10-21,135,call,0
2026-10-21,135,put,0
2026-10-21,140,call,0
2026-10-21,140,put,1
2026-10-21,145,call,0
2026-10-21,145,put,0
2026-10-21,150,call,0
2026-10-21,150,put,0
2026-10-21,155,call,0
2026-10-21,155,put,0
2026-10-21,160,call,0
2026-10-21,160,put,0
2026-10-21,165,call,0
2026-10-21,165,put,6
2026-10-21,170,call,0
2026-10-21,170,put,1
2026-10-21,175,call,0
2026-10-21,175,put,4
2026-10-21,180,call,0
2026-10-21,180,put,2
2026-10-21,185,call,0
2026-10-21,185,put,28
2026-10-21,190,call,0
2026-10-21,190,put,17
2026-10-21,195,call,0
2026-10-21,195,put,20
2026-10-21,200,call,8
2026-10-21,200,put,82
2026-10-21,202.5,call,3
2026-10-21,202.5,put,1
2026-10-21,205,call,7
2026-10-21,205,put,19
2026-10-21,207.5,call,2
2026-10-21,207.5,put,12
2026-10-21,210,call,11
2026-10-21,210,put,131
2026-10-21,212.5,call,4
2026-10-21,212.5,put,198
2026-10-21,215,call,4
2026-10-21,215,put,112
2026-10-21,217.5,call,8
2026-10-21,217.5,put,216
2026-10-21,220,call,11
2026-10-21,220,put,109
2026-10-21,222.5,call,33
2026-10-21,222.5,put,139
2026-10-21,225,call,47
2026-10-21,225,put,137
2026-10-21,227.5,call,52
2026-10-21,227.5,put,325
2026-10-21,230,call,443
2026-10-21,230,put,310
2026-10-21,232.5,call,284
2026-10-21,232.5,put,167
2026-10-21,235,call,364
2026-10-21,235,put,162
2026-10-21,237.5,call,384
2026-10-21,237.5,put,84
2026-10-21,240,call,3085
2026-10-21,240,put,116
2026-10-21,242.5,call,376
2026-10-21,242.5,put,7
2026-10-21,245,call,526
2026-10-21,245,put,11
2026-10-21,247.5,call,124
2026-10-21,247.5,put,0
2026-10-21,250,call,399
2026-10-21,250,put,1
2026-10-21,252.5,call,49
2026-10-21,252.5,put,0
2026-10-21,255,call,248
2026-10-21,255,put,1
2026-10-21,257.5,call,5
2026-10-21,257.5,put,0
2026-10-21,260,call,134
2026-10-21,260,put,0
2026-10-21,262.5,call,8
2026-10-21,262.5,put,0
2026-10-21,265,call,11
2026-10-21,265,put,0
2026-10-21,267.5,call,2
2026-10-21,267.5,put,0
2026-10-21,270,call,25
2026-10-21,270,put,0
2026-10-21,275,call,4
2026-10-21,275,put,0
2026-10-21,280,call,23
2026-10-21,280,put,0
2026-10-21,285,call,57
2026-10-21,285,put,0
2026-10-21,290,call,5
2026-10-21,290,put,0
2026-10-21,295,call,1
2026-10-21,295,put,0
2026-10-21,300,call,0
2026-10-21,300,put,0
2026-10-21,305,call,1
2026-10-21,305,put,0
2026-10-23,50,call,0
2026-10-23,50,put,36
2026-10-23,55,call,0
2026-10-23,55,put,0
2026-10-23,60,call,0
2026-10-23,60,put,0
2026-10-23,65,call,0
2026-10-23,65,put,0
2026-10-23,70,call,0
2026-10-23,70,put,0
2026-10-23,75,call,2
2026-10-23,75,put,24
2026-10-23,80,call,0
2026-10-23,80,put,1069
2026-10-23,85,call,2
2026-10-23,85,put,187
2026-10-23,90,call,5
2026-10-23,90,put,43
2026-10-23,95,call,0
2026-10-23,95,put,101
2026-10-23,100,call,11
2026-10-23,100,put,115
2026-10-23,105,call,7
2026-10-23,105,put,788
2026-10-23,110,call,8
2026-10-23,110,put,1026
2026-10-23,115,call,1
2026-10-23,115,put,5942
2026-10-23,120,call,89
2026-10-23,120,put,9283
2026-10-23,125,call,0
2026-10-23,125,put,15319
2026-10-23,130,call,9
2026-10-23,130,put,2736
2026-10-23,135,call,4
2026-10-23,135,put,1174
2026-10-23,140,call,26
2026-10-23,140,put,1782
2026-10-23,145,call,13
2026-10-23,145,put,378
2026-10-23,150,call,96
2026-10-23,150,put,1399
2026-10-23,155,call,11
2026-10-23,155,put,1204
2026-10-23,160,call,12
2026-10-23,160,put,270
2026-10-23,165,call,12
2026-10-23,165,put,964
2026-10-23,170,call,19
2026-10-23,170,put,1061
2026-10-23,175,call,60
2026-10-23,175,put,965
2026-10-23,180,call,110
2026-10-23,180,put,1788
2026-10-23,185,call,24
2026-10-23,185,put,2656
2026-10-23,190,call,219
2026-10-23,190,put,3007
2026-10-23,195,call,154
2026-10-23,195,put,4009
2026-10-23,200,call,218
2026-10-23,200,put,5401
2026-10-23,202.5,call,7
2026-10-23,202.5,put,51
2026-10-23,205,call,280
2026-10-23,205,put,7702
2026-10-23,207.5,call,5
2026-10-23,207.5,put,381
2026-10-23,210,call,1400
2026-10-23,210,put,7159
2026-10-23,212.5,call,12
2026-10-23,212.5,put,2311
2026-10-23,215,call,1596
2026-10-23,215,put,6050
2026-10-23,217.5,call,61
2026-10-23,217.5,put,793
2026-10-23,220,call,2440
2026-10-23,220,put,5466
2026-10-23,222.5,call,314
2026-10-23,222.5,put,1479
2026-10-23,225,call,4817
2026-10-23,225,put,7960
2026-10-23,227.5,call,349
2026-10-23,227.5,put,1112
2026-10-23,230,call,5865
2026-10-23,230,put,4141
2026-10-23,232.5,call,1983
2026-10-23,232.5,put,788
2026-10-23,235,call,14742
2026-10-23,235,put,4474
2026-10-23,237.5,call,2848
2026-10-23,237.5,put,1095
2026-10-23,240,call,57792
2026-10-23,240,put,2697
2026-10-23,242.5,call,1364
2026-10-23,242.5,put,519
2026-10-23,245,call,14041
2026-10-23,245,put,398
2026-10-23,247.5,call,1095
2026-10-23,247.5,put,22
2026-10-23,250,call,10501
2026-10-23,250,put,1248
2026-10-23,252.5,call,1243
2026-10-23,252.5,put,36
2026-10-23,255,call,6238
2026-10-23,255,put,120
2026-10-23,257.5,call,1116
2026-10-23,257.5,put,3
2026-10-23,260,call,7903
2026-10-23,260,put,14
2026-10-23,262.5,call,344
2026-10-23,262.5,put,0
2026-10-23,265,call,1657
2026-10-23,265,put,0
2026-10-23,267.5,call,233
2026-10-23,267.5,put,0
2026-10-23,270,call,1684
2026-10-23,270,put,0
2026-10-23,272.5,call,9
2026-10-23,272.5,put,0
2026-10-23,275,call,1737
2026-10-23,275,put,0
2026-10-23,280,call,1931
2026-10-23,280,put,10
2026-10-23,285,call,349
2026-10-23,285,put,0
2026-10-23,290,call,338
2026-10-23,290,put,1
2026-10-23,295,call,644
2026-10-23,295,put,1
2026-10-23,300,call,668
2026-10-23,300,put,1
2026-10-23,305,call,223
2026-10-23,305,put,0
2026-10-23,310,call,1081
2026-10-23,310,put,0
2026-10-23,315,call,73
2026-10-23,315,put,0
2026-10-23,320,call,258
2026-10-23,320,put,0
2026-10-23,325,call,242
2026-10-23,325,put,0
2026-10-23,330,call,25
2026-10-23,330,put,0
2026-10-23,335,call,32
2026-10-23,335,put,0
2026-10-23,340,call,127
2026-10-23,340,put,0
2026-10-23,345,call,56
2026-10-23,345,put,0
2026-10-23,350,call,12
2026-10-23,350,put,0
2026-10-23,360,call,53
2026-10-23,360,put,0
2026-10-23,370,call,38
2026-10-23,370,put,0
2026-10-23,380,call,0
2026-10-23,380,put,0
2026-10-23,390,call,6
2026-10-23,390,put,0
2026-10-23,400,call,0
2026-10-23,400,put,0
2026-10-23,410,call,0
2026-10-23,410,put,0
2026-10-23,420,call,0
2026-10-23,420,put,0
2026-10-23,430,call,0
2026-10-23,430,put,0
2026-10-23,440,call,0
2026-10-23,440,put,0
2026-10-23,450,call,0
2026-10-23,450,put,0
2026-10-23,460,call,0
2026-10-23,460,put,0
2026-10-23,470,call,0
2026-10-23,470,put,0
2026-10-23,480,call,0
2026-10-23,480,put,0
2026-10-30,50,call,0
2026-10-30,50,put,8
2026-10-30,55,call,0
2026-10-30,55,put,0
2026-10-30,60,call,1
2026-10-30,60,put,0
2026-10-30,65,call,0
2026-10-30,65,put,10
2026-10-30,70,call,10
2026-10-30,70,put,4
2026-10-30,75,call,1
2026-10-30,75,put,0
2026-10-30,80,call,0
2026-10-30,80,put,3
2026-10-30,85,call,4
2026-10-30,85,put,21
2026-10-30,90,call,5
2026-10-30,90,put,62
2026-10-30,95,call,2
2026-10-30,95,put,23
2026-10-30,100,call,104
2026-10-30,100,put,71
2026-10-30,105,call,2
2026-10-30,105,put,73
2026-10-30,110,call,0
2026-10-30,110,put,27
2026-10-30,115,call,1
2026-10-30,115,put,201
2026-10-30,120,call,10
2026-10-30,120,put,2443
2026-10-30,125,call,14
2026-10-30,125,put,1982
2026-10-30,130,call,1
2026-10-30,130,put,2753
2026-10-30,135,call,12
2026-10-30,135,put,2228
2026-10-30,140,call,10
2026-10-30,140,put,63
2026-10-30,145,call,20
2026-10-30,145,put,184
2026-10-30,150,call,56
2026-10-30,150,put,493
2026-10-30,155,call,16
2026-10-30,155,put,213
2026-10-30,160,call,42
2026-10-30,160,put,379
2026-10-30,165,call,5
2026-10-30,165,put,201
2026-10-30,170,call,22
2026-10-30,170,put,921
2026-10-30,175,call,38
2026-10-30,175,put,987
2026-10-30,180,call,60
2026-10-30,180,put,991
2026-10-30,185,call,22
2026-10-30,185,put,1152
2026-10-30,190,call,216
2026-10-30,190,put,2218
2026-10-30,195,call,163
2026-10-30,195,put,2644
2026-10-30,200,call,939
2026-10-30,200,put,9497
2026-10-30,205,call,523
2026-10-30,205,put,3809
2026-10-30,210,call,916
2026-10-30,210,put,6996
2026-10-30,215,call,968
2026-10-30,215,put,6998
2026-10-30,220,call,2050
2026-10-30,220,put,7489
2026-10-30,225,call,5720
2026-10-30,225,put,7037
2026-10-30,230,call,7083
2026-10-30,230,put,6268
2026-10-30,235,call,7918
2026-10-30,235,put,3319
2026-10-30,240,call,23700
2026-10-30,240,put,2651
2026-10-30,245,call,11687
2026-10-30,245,put,240
2026-10-30,250,call,15848
2026-10-30,250,put,397
2026-10-30,255,call,12512
2026-10-30,255,put,88
2026-10-30,260,call,8676
2026-10-30,260,put,170
2026-10-30,265,call,2527
2026-10-30,265,put,3
2026-10-30,270,call,11140
2026-10-30,270,put,2
2026-10-30,275,call,1864
2026-10-30,275,put,0
2026-10-30,280,call,2379
2026-10-30,280,put,20
2026-10-30,285,call,819
2026-10-30,285,put,0
2026-10-30,290,call,1225
2026-10-30,290,put,0
2026-10-30,295,call,128
2026-10-30,295,put,0
2026-10-30,300,call,867
2026-10-30,300,put,0
2026-10-30,305,call,326
2026-10-30,305,put,0
2026-10-30,310,call,7
2026-10-30,310,put,0
2026-10-30,315,call,49
2026-10-30,315,put,5
2026-10-30,320,call,32
2026-10-30,320,put,5
2026-10-30,325,call,57
2026-10-30,325,put,0
2026-10-30,330,call,61
2026-10-30,330,put,0
2026-10-30,335,call,5
2026-10-30,335,put,0
2026-10-30,340,call,54
2026-10-30,340,put,0
2026-10-30,345,call,26
2026-10-30,345,put,0
2026-10-30,350,call,71
2026-10-30,350,put,0
2026-10-30,360,call,81
2026-10-30,360,put,0
2026-10-30,370,call,0
2026-10-30,370,put,0
2026-10-30,380,call,0
2026-10-30,380,put,0
2026-10-30,390,call,132
2026-10-30,390,put,0
2026-10-30,400,call,15
2026-10-30,400,put,0
2026-10-30,410,call,0
2026-10-30,410,put,0
2026-10-30,420,call,0
2026-10-30,420,put,0
2026-10-30,430,call,0
2026-10-30,430,put,0
2026-10-30,440,call,0
2026-10-30,440,put,0
2026-10-30,450,call,0
2026-10-30,450,put,0
2026-10-30,460,call,0
2026-10-30,460,put,0
2026-10-30,470,call,0
2026-10-30,470,put,0
2026-10-30,480,call,0
2026-10-30,480,put,0
2026-11-06,50,call,0
2026-11-06,50,put,5
2026-11-06,55,call,0
2026-11-06,55,put,0
2026-11-06,60,call,0
2026-11-06,60,put,0
2026-11-06,65,call,0
2026-11-06,65,put,0
2026-11-06,70,call,0
2026-11-06,70,put,1
2026-11-06,75,call,0
2026-11-06,75,put,5
2026-11-06,80,call,0
2026-11-06,80,put,100
2026-11-06,85,call,0
2026-11-06,85,put,0
2026-11-06,90,call,0
2026-11-06,90,put,1
2026-11-06,95,call,0
2026-11-06,95,put,8
2026-11-06,100,call,0
2026-11-06,100,put,25
2026-11-06,105,call,10
2026-11-06,105,put,11
2026-11-06,110,call,0
2026-11-06,110,put,5
2026-11-06,115,call,7
2026-11-06,115,put,5
2026-11-06,120,call,1
2026-11-06,120,put,4258
2026-11-06,125,call,1
2026-11-06,125,put,1556
2026-11-06,130,call,1
2026-11-06,130,put,22
2026-11-06,135,call,1
2026-11-06,135,put,65
2026-11-06,140,call,6
2026-11-06,140,put,9
2026-11-06,145,call,2
2026-11-06,145,put,8
2026-11-06,150,call,12
2026-11-06,150,put,68
2026-11-06,155,call,1
2026-11-06,155,put,308
2026-11-06,160,call,0
2026-11-06,160,put,89
2026-11-06,165,call,9
2026-11-06,165,put,124
2026-11-06,170,call,22
2026-11-06,170,put,169
2026-11-06,175,call,6
2026-11-06,175,put,882
2026-11-06,180,call,10
2026-11-06,180,put,604
2026-11-06,185,call,3
2026-11-06,185,put,293
2026-11-06,190,call,10
2026-11-06,190,put,550
2026-11-06,195,call,85
2026-11-06,195,put,2217
2026-11-06,200,call,154
2026-11-06,200,put,3918
2026-11-06,205,call,99
2026-11-06,205,put,3806
2026-11-06,210,call,171
2026-11-06,210,put,3137
2026-11-06,215,call,139
2026-11-06,215,put,2883
2026-11-06,220,call,396
2026-11-06,220,put,3351
2026-11-06,225,call,678
2026-11-06,225,put,5317
2026-11-06,230,call,3698
2026-11-06,230,put,3316
2026-11-06,235,call,4514
2026-11-06,235,put,2712
2026-11-06,240,call,5920
2026-11-06,240,put,3069
2026-11-06,245,call,3663
2026-11-06,245,put,242
2026-11-06,250,call,12034
2026-11-06,250,put,347
2026-11-06,255,call,8527
2026-11-06,255,put,75
2026-11-06,260,call,6770
2026-11-06,260,put,40
2026-11-06,265,call,4339
2026-11-06,265,put,8
2026-11-06,270,call,1528
2026-11-06,270,put,5
2026-11-06,275,call,690
2026-11-06,275,put,0
2026-11-06,280,call,1006
2026-11-06,280,put,10
2026-11-06,285,call,1158
2026-11-06,285,put,0
2026-11-06,290,call,1745
2026-11-06,290,put,0
2026-11-06,295,call,314
2026-11-06,295,put,0
2026-11-06,300,call,809
2026-11-06,300,put,0
2026-11-06,305,call,41
2026-11-06,305,put,0
2026-11-06,310,call,19
2026-11-06,310,put,0
2026-11-06,315,call,0
2026-11-06,315,put,0
2026-11-06,320,call,9
2026-11-06,320,put,0
2026-11-06,325,call,1
2026-11-06,325,put,0
2026-11-06,330,call,1
2026-11-06,330,put,0
2026-11-06,335,call,0
2026-11-06,335,put,0
2026-11-06,340,call,3
2026-11-06,340,put,0
2026-11-06,345,call,5
2026-11-06,345,put,0
2026-11-06,350,call,0
2026-11-06,350,put,0
2026-11-06,360,call,100
2026-11-06,360,put,0
2026-11-06,370,call,0
2026-11-06,370,put,0
2026-11-06,380,call,0
2026-11-06,380,put,0
2026-11-06,390,call,9
2026-11-06,390,put,0
2026-11-06,400,call,1
2026-11-06,400,put,0
2026-11-06,410,call,0
2026-11-06,410,put,0
2026-11-06,420,call,0
2026-11-06,420,put,0
2026-11-06,430,call,0
2026-11-06,430,put,0
2026-11-06,440,call,0
2026-11-06,440,put,0
2026-11-06,450,call,0
2026-11-06,450,put,0
2026-11-06,460,call,0
2026-11-06,460,put,0
2026-11-06,470,call,0
2026-11-06,470,put,0
2026-11-06,480,call,0
2026-11-06,480,put,0
2026-11-13,50,call,0
2026-11-13,50,put,0
2026-11-13,55,call,0
2026-11-13,55,put,0
2026-11-13,60,call,0
2026-11-13,60,put,0
2026-11-13,65,call,0
2026-11-13,65,put,0
2026-11-13,70,call,0
2026-11-13,70,put,0
2026-11-13,75,call,0
2026-11-13,75,put,0
2026-11-13,80,call,0
2026-11-13,80,put,0
2026-11-13,85,call,0
2026-11-13,85,put,20
2026-11-13,90,call,0
2026-11-13,90,put,10
2026-11-13,95,call,0
2026-11-13,95,put,10
2026-11-13,100,call,0
2026-11-13,100,put,35
2026-11-13,105,call,0
2026-11-13,105,put,10
2026-11-13,110,call,0
2026-11-13,110,put,0
2026-11-13,115,call,0
2026-11-13,115,put,0
2026-11-13,120,call,0
2026-11-13,120,put,1
2026-11-13,125,call,5
2026-11-13,125,put,16
2026-11-13,130,call,0
2026-11-13,130,put,3
2026-11-13,135,call,0
2026-11-13,135,put,7
2026-11-13,140,call,5
2026-11-13,140,put,6
2026-11-13,145,call,0
2026-11-13,145,put,4
2026-11-13,150,call,2
2026-11-13,150,put,10
2026-11-13,155,call,1
2026-11-13,155,put,8
2026-11-13,160,call,0
2026-11-13,160,put,62
2026-11-13,165,call,4
2026-11-13,165,put,145
2026-11-13,170,call,15
2026-11-13,170,put,865
2026-11-13,175,call,0
2026-11-13,175,put,543
2026-11-13,180,call,3
2026-11-13,180,put,100
2026-11-13,185,call,8
2026-11-13,185,put,255
2026-11-13,190,call,8
2026-11-13,190,put,533
2026-11-13,195,call,24
2026-11-13,195,put,328
2026-11-13,200,call,49
2026-11-13,200,put,876
2026-11-13,205,call,13
2026-11-13,205,put,1315
2026-11-13,210,call,57
2026-11-13,210,put,1660
2026-11-13,215,call,249
2026-11-13,215,put,1199
2026-11-13,220,call,331
2026-11-13,220,put,1771
2026-11-13,225,call,346
2026-11-13,225,put,1831
2026-11-13,230,call,3022
2026-11-13,230,put,1563
2026-11-13,235,call,2142
2026-11-13,235,put,2673
2026-11-13,240,call,4578
2026-11-13,240,put,704
2026-11-13,245,call,5605
2026-11-13,245,put,241
2026-11-13,250,call,7838
2026-11-13,250,put,93
2026-11-13,255,call,2716
2026-11-13,255,put,34
2026-11-13,260,call,7305
2026-11-13,260,put,23
2026-11-13,265,call,1735
2026-11-13,265,put,0
2026-11-13,270,call,1824
2026-11-13,270,put,12
2026-11-13,275,call,1040
2026-11-13,275,put,0
2026-11-13,280,call,791
2026-11-13,280,put,0
2026-11-13,285,call,157
2026-11-13,285,put,0
2026-11-13,290,call,334
2026-11-13,290,put,0
2026-11-13,295,call,1444
2026-11-13,295,put,0
2026-11-13,300,call,186
2026-11-13,300,put,0
2026-11-13,305,call,17
2026-11-13,305,put,0
2026-11-13,310,call,16
2026-11-13,310,put,0
2026-11-13,315,call,13
2026-11-13,315,put,0
2026-11-13,320,call,9
2026-11-13,320,put,0
2026-11-13,325,call,9
2026-11-13,325,put,0
2026-11-13,330,call,1
2026-11-13,330,put,0
2026-11-13,335,call,1
2026-11-13,335,put,0
2026-11-13,340,call,31
2026-11-13,340,put,0
2026-11-13,345,call,62
2026-11-13,345,put,0
2026-11-13,350,call,13
2026-11-13,350,put,0
2026-11-13,360,call,2
2026-11-13,360,put,0
2026-11-13,370,call,0
2026-11-13,370,put,0
2026-11-13,380,call,0
2026-11-13,380,put,0
2026-11-13,390,call,0
2026-11-13,390,put,0
2026-11-13,400,call,0
2026-11-13,400,put,0
2026-11-13,410,call,0
2026-11-13,410,put,0
2026-11-13,420,call,0
2026-11-13,420,put,0
2026-11-13,430,call,0
2026-11-13,430,put,0
2026-11-13,440,call,0
2026-11-13,440,put,0
2026-11-13,450,call,0
2026-11-13,450,put,0
2026-11-13,460,call,0
2026-11-13,460,put,0
2026-11-13,470,call,0
2026-11-13,470,put,0
2026-11-13,480,call,0
2026-11-13,480,put,0
2026-11-20,2.5,call,0
2026-11-20,2.5,put,20
2026-11-20,5,call,42
2026-11-20,5,put,0
2026-11-20,7.5,call,0
2026-11-20,7.5,put,0
2026-11-20,10,call,0
2026-11-20,10,put,10
2026-11-20,12.5,call,0
2026-11-20,12.5,put,0
2026-11-20,15,call,0
2026-11-20,15,put,0
2026-11-20,17.5,call,0
2026-11-20,17.5,put,0
2026-11-20,20,call,1
2026-11-20,20,put,0
2026-11-20,22.5,call,0
2026-11-20,22.5,put,0
2026-11-20,25,call,0
2026-11-20,25,put,0
2026-11-20,30,call,0
2026-11-20,30,put,0
2026-11-20,35,call,0
2026-11-20,35,put,0
2026-11-20,40,call,0
2026-11-20,40,put,1
2026-11-20,45,call,0
2026-11-20,45,put,11
2026-11-20,50,call,31
2026-11-20,50,put,4237
2026-11-20,55,call,10
2026-11-20,55,put,379
2026-11-20,60,call,48
2026-11-20,60,put,300
2026-11-20,65,call,50
2026-11-20,65,put,137
2026-11-20,70,call,33
2026-11-20,70,put,363
2026-11-20,75,call,15
2026-11-20,75,put,423
2026-11-20,80,call,43
2026-11-20,80,put,1311
2026-11-20,85,call,46
2026-11-20,85,put,709
2026-11-20,90,call,80
2026-11-20,90,put,444
2026-11-20,95,call,52
2026-11-20,95,put,785
2026-11-20,100,call,299
2026-11-20,100,put,8803
2026-11-20,105,call,241
2026-11-20,105,put,481
2026-11-20,110,call,241
2026-11-20,110,put,3770
2026-11-20,115,call,340
2026-11-20,115,put,6808
2026-11-20,120,call,373
2026-11-20,120,put,5372
2026-11-20,125,call,292
2026-11-20,125,put,6752
2026-11-20,130,call,400
2026-11-20,130,put,6910
2026-11-20,135,call,439
2026-11-20,135,put,10146
2026-11-20,140,call,1561
2026-11-20,140,put,9741
2026-11-20,145,call,371
2026-11-20,145,put,11298
2026-11-20,150,call,1005
2026-11-20,150,put,21384
2026-11-20,155,call,1922
2026-11-20,155,put,9829
2026-11-20,160,call,1245
2026-11-20,160,put,21553
2026-11-20,165,call,1733
2026-11-20,165,put,11253
2026-11-20,170,call,1966
2026-11-20,170,put,24132
2026-11-20,175,call,2316
2026-11-20,175,put,19110
2026-11-20,180,call,7185
2026-11-20,180,put,33132
2026-11-20,185,call,3473
2026-11-20,185,put,13441
2026-11-20,190,call,3633
2026-11-20,190,put,28564
2026-11-20,195,call,3941
2026-11-20,195,put,21050
2026-11-20,200,call,25235
2026-11-20,200,put,52540
2026-11-20,205,call,5885
2026-11-20,205,put,21164
2026-11-20,210,call,77318
2026-11-20,210,put,28603
2026-11-20,215,call,11970
2026-11-20,215,put,28900
2026-11-20,220,call,18042
2026-11-20,220,put,22049
2026-11-20,225,call,15507
2026-11-20,225,put,16888
2026-11-20,230,call,59744
2026-11-20,230,put,13723
2026-11-20,235,call,18299
2026-11-20,235,put,7441
2026-11-20,240,call,36609
2026-11-20,240,put,7639
2026-11-20,245,call,103573
2026-11-20,245,put,2498
2026-11-20,250,call,43114
2026-11-20,250,put,2407
2026-11-20,255,call,19983
2026-11-20,255,put,387
2026-11-20,260,call,28466
2026-11-20,260,put,1450
2026-11-20,265,call,19013
2026-11-20,265,put,843
2026-11-20,270,call,26662
2026-11-20,270,put,634
2026-11-20,275,call,35000
2026-11-20,275,put,138
2026-11-20,280,call,15862
2026-11-20,280,put,47
2026-11-20,285,call,6327
2026-11-20,285,put,95
2026-11-20,290,call,5247
2026-11-20,290,put,6
2026-11-20,295,call,71666
2026-11-20,295,put,0
2026-11-20,300,call,13769
2026-11-20,300,put,0
2026-11-20,305,call,4503
2026-11-20,305,put,0
2026-11-20,310,call,3840
2026-11-20,310,put,0
2026-11-20,315,call,1217
2026-11-20,315,put,0
2026-11-20,320,call,3348
2026-11-20,320,put,0
2026-11-20,325,call,155
2026-11-20,325,put,0
2026-11-20,330,call,2776
2026-11-20,330,put,0
2026-11-20,335,call,72
2026-11-20,335,put,0
2026-11-20,340,call,1711
2026-11-20,340,put,1
2026-11-20,345,call,26
2026-11-20,345,put,0
2026-11-20,350,call,3362
2026-11-20,350,put,0
2026-11-20,355,call,31
2026-11-20,355,put,0
2026-11-20,360,call,2563
2026-11-20,360,put,0
2026-11-20,365,call,122
2026-11-20,365,put,0
2026-11-20,370,call,2178
2026-11-20,370,put,0
2026-11-20,375,call,147
2026-11-20,375,put,0
2026-11-20,380,call,1666
2026-11-20,380,put,0
2026-11-20,385,call,2
2026-11-20,385,put,0
2026-11-20,390,call,622
2026-11-20,390,put,0
2026-11-20,395,call,3
2026-11-20,395,put,0
2026-11-20,400,call,12161
2026-11-20,400,put,0
2026-11-20,405,call,87
2026-11-20,405,put,0
2026-11-20,410,call,1274
2026-11-20,410,put,0
2026-11-20,415,call,20
2026-11-20,415,put,0
2026-11-20,420,call,607
2026-11-20,420,put,0
2026-11-20,425,call,25
2026-11-20,425,put,0
2026-11-20,430,call,398
2026-11-20,430,put,0
2026-11-20,440,call,846
2026-11-20,440,put,0
2026-11-20,450,call,533
2026-11-20,450,put,0
2026-11-20,455,call,3350
2026-11-20,455,put,0
2026-11-20,460,call,6893
2026-11-20,460,put,0
2026-11-20,470,call,0
2026-11-20,470,put,0
2026-11-20,480,call,36
2026-11-20,480,put,0
2026-11-27,50,call,0
2026-11-27,50,put,0
2026-11-27,55,call,0
2026-11-27,55,put,0
2026-11-27,60,call,0
2026-11-27,60,put,0
2026-11-27,65,call,0
2026-11-27,65,put,0
2026-11-27,70,call,0
2026-11-27,70,put,0
2026-11-27,75,call,0
2026-11-27,75,put,0
2026-11-27,80,call,0
2026-11-27,80,put,0
2026-11-27,85,call,0
2026-11-27,85,put,0
2026-11-27,90,call,0
2026-11-27,90,put,0
2026-11-27,95,call,0
2026-11-27,95,put,0
2026-11-27,100,call,0
2026-11-27,100,put,0
2026-11-27,105,call,0
2026-11-27,105,put,1
2026-11-27,110,call,0
2026-11-27,110,put,5
2026-11-27,115,call,0
2026-11-27,115,put,4
2026-11-27,120,call,0
2026-11-27,120,put,3
2026-11-27,125,call,0
2026-11-27,125,put,1
2026-11-27,130,call,0
2026-11-27,130,put,4
2026-11-27,135,call,0
2026-11-27,135,put,0
2026-11-27,140,call,0
2026-11-27,140,put,0
2026-11-27,145,call,0
2026-11-27,145,put,0
2026-11-27,150,call,0
2026-11-27,150,put,3
2026-11-27,155,call,0
2026-11-27,155,put,1
2026-11-27,160,call,0
2026-11-27,160,put,13
2026-11-27,165,call,0
2026-11-27,165,put,28
2026-11-27,170,call,0
2026-11-27,170,put,13
2026-11-27,175,call,2
2026-11-27,175,put,5
2026-11-27,180,call,5
2026-11-27,180,put,22
2026-11-27,185,call,0
2026-11-27,185,put,666
2026-11-27,190,call,1
2026-11-27,190,put,91
2026-11-27,195,call,0
2026-11-27,195,put,137
2026-11-27,200,call,63
2026-11-27,200,put,169
2026-11-27,205,call,2
2026-11-27,205,put,105
2026-11-27,210,call,17
2026-11-27,210,put,135
2026-11-27,215,call,26
2026-11-27,215,put,54
2026-11-27,220,call,194
2026-11-27,220,put,182
2026-11-27,225,call,263
2026-11-27,225,put,382
2026-11-27,230,call,274
2026-11-27,230,put,98
2026-11-27,235,call,556
2026-11-27,235,put,31
2026-11-27,240,call,341
2026-11-27,240,put,17
2026-11-27,245,call,195
2026-11-27,245,put,21
2026-11-27,250,call,169
2026-11-27,250,put,4
2026-11-27,255,call,213
2026-11-27,255,put,13
2026-11-27,260,call,865
2026-11-27,260,put,0
2026-11-27,265,call,302
2026-11-27,265,put,0
2026-11-27,270,call,60
2026-11-27,270,put,0
2026-11-27,275,call,15
2026-11-27,275,put,0
2026-11-27,280,call,5
2026-11-27,280,put,0
2026-11-27,285,call,0
2026-11-27,285,put,0
2026-11-27,290,call,10
2026-11-27,290,put,0
2026-11-27,295,call,0
2026-11-27,295,put,0
2026-11-27,300,call,65
2026-11-27,300,put,0
2026-11-27,305,call,70
2026-11-27,305,put,0
2026-11-27,310,call,10
2026-11-27,310,put,0
2026-11-27,315,call,0
2026-11-27,315,put,0
2026-11-27,320,call,22
2026-11-27,320,put,0
2026-11-27,325,call,0
2026-11-27,325,put,0
2026-11-27,330,call,0
2026-11-27,330,put,0
2026-11-27,335,call,3
2026-11-27,335,put,0
2026-11-27,340,call,8
2026-11-27,340,put,0
2026-11-27,345,call,4
2026-11-27,345,put,0
2026-11-27,350,call,1
2026-11-27,350,put,0
2026-11-27,360,call,3
2026-11-27,360,put,0
2026-11-27,370,call,1
2026-11-27,370,put,0
2026-11-27,380,call,3
2026-11-27,380,put,0
2026-11-27,390,call,0
2026-11-27,390,put,0
2026-11-27,400,call,0
2026-11-27,400,put,0
2026-11-27,410,call,0
2026-11-27,410,put,0
2026-11-27,420,call,0
2026-11-27,420,put,0
2026-11-27,430,call,0
2026-11-27,430,put,0
2026-11-27,440,call,0
2026-11-27,440,put,0
2026-11-27,450,call,0
2026-11-27,450,put,0
2026-11-27,460,call,0
2026-11-27,460,put,0
2026-11-27,470,call,0
2026-11-27,470,put,0
2026-12-18,0.5,call,1143
2026-12-18,0.5,put,31542
2026-12-18,1,call,31
2026-12-18,1,put,5945
2026-12-18,1.5,call,0
2026-12-18,1.5,put,490
2026-12-18,2,call,0
2026-12-18,2,put,3366
2026-12-18,2.5,call,0
2026-12-18,2.5,put,4768
2026-12-18,3,call,1
2026-12-18,3,put,1652
2026-12-18,3.5,call,1
2026-12-18,3.5,put,198
2026-12-18,4,call,4
2026-12-18,4,put,725
2026-12-18,4.5,call,0
2026-12-18,4.5,put,1079
2026-12-18,5,call,1
2026-12-18,5,put,2552
2026-12-18,6,call,0
2026-12-18,6,put,852
2026-12-18,7,call,0
2026-12-18,7,put,1077
2026-12-18,8,call,0
2026-12-18,8,put,891
2026-12-18,9,call,0
2026-12-18,9,put,1198
2026-12-18,10,call,34
2026-12-18,10,put,12618
2026-12-18,11,call,0
2026-12-18,11,put,2415
2026-12-18,12,call,143
2026-12-18,12,put,215
2026-12-18,13,call,2
2026-12-18,13,put,13051
2026-12-18,14,call,1
2026-12-18,14,put,660
2026-12-18,15,call,362
2026-12-18,15,put,7670
2026-12-18,16,call,135
2026-12-18,16,put,621
2026-12-18,17,call,216
2026-12-18,17,put,2815
2026-12-18,18,call,141
2026-12-18,18,put,1550
2026-12-18,19,call,172
2026-12-18,19,put,407
2026-12-18,20,call,12978
2026-12-18,20,put,19301
2026-12-18,21,call,3788
2026-12-18,21,put,752
2026-12-18,22,call,3591
2026-12-18,22,put,2262
2026-12-18,23,call,325
2026-12-18,23,put,872
2026-12-18,24,call,653
2026-12-18,24,put,804
2026-12-18,25,call,1251
2026-12-18,25,put,30134
2026-12-18,26,call,662
2026-12-18,26,put,1235
2026-12-18,27,call,1017
2026-12-18,27,put,1304
2026-12-18,28,call,532
2026-12-18,28,put,4781
2026-12-18,29,call,560
2026-12-18,29,put,798
2026-12-18,30,call,1853
2026-12-18,30,put,5588
2026-12-18,31,call,979
2026-12-18,31,put,1414
2026-12-18,32,call,2460
2026-12-18,32,put,2313
2026-12-18,33,call,342
2026-12-18,33,put,2722
2026-12-18,34,call,360
2026-12-18,34,put,1923
2026-12-18,35,call,2221
2026-12-18,35,put,7151
2026-12-18,36,call,265
2026-12-18,36,put,11213
2026-12-18,37,call,336
2026-12-18,37,put,1029
2026-12-18,38,call,948
2026-12-18,38,put,973
2026-12-18,39,call,1272
2026-12-18,39,put,455
2026-12-18,40,call,1763
2026-12-18,40,put,7278
2026-12-18,41,call,875
2026-12-18,41,put,1327
2026-12-18,42,call,1155
2026-12-18,42,put,640
2026-12-18,43,call,796
2026-12-18,43,put,874
2026-12-18,44,call,647
2026-12-18,44,put,1576
2026-12-18,45,call,590
2026-12-18,45,put,12972
2026-12-18,46,call,908
2026-12-18,46,put,1885
2026-12-18,47,call,303
2026-12-18,47,put,2766
2026-12-18,48,call,542
2026-12-18,48,put,1603
2026-12-18,49,call,2619
2026-12-18,49,put,1940
2026-12-18,50,call,6110
2026-12-18,50,put,13315
2026-12-18,51,call,1793
2026-12-18,51,put,2035
2026-12-18,52,call,1048
2026-12-18,52,put,1121
2026-12-18,53,call,1035
2026-12-18,53,put,745
2026-12-18,54,call,549
2026-12-18,54,put,1894
2026-12-18,55,call,2441
2026-12-18,55,put,8430
2026-12-18,56,call,933
2026-12-18,56,put,1934
2026-12-18,57,call,732
2026-12-18,57,put,5467
2026-12-18,58,call,701
2026-12-18,58,put,5132
2026-12-18,59,call,7238
2026-12-18,59,put,419
2026-12-18,60,call,3415
2026-12-18,60,put,13548
2026-12-18,61,call,563
2026-12-18,61,put,1997
2026-12-18,62,call,972
2026-12-18,62,put,1230
2026-12-18,63,call,2169
2026-12-18,63,put,686
2026-12-18,64,call,1053
2026-12-18,64,put,1747
2026-12-18,65,call,2137
2026-12-18,65,put,15687
2026-12-18,66,call,854
2026-12-18,66,put,474
2026-12-18,67,call,756
2026-12-18,67,put,1238
2026-12-18,68,call,1109
2026-12-18,68,put,4391
2026-12-18,69,call,4982
2026-12-18,69,put,1545
2026-12-18,70,call,4010
2026-12-18,70,put,9988
2026-12-18,71,call,1510
2026-12-18,71,put,2706
2026-12-18,72,call,625
2026-12-18,72,put,14519
2026-12-18,73,call,760
2026-12-18,73,put,614
2026-12-18,74,call,4184
2026-12-18,74,put,998
2026-12-18,75,call,7196
2026-12-18,75,put,17833
2026-12-18,76,call,344
2026-12-18,76,put,2341
2026-12-18,77,call,1650
2026-12-18,77,put,2007
2026-12-18,78,call,508
2026-12-18,78,put,2114
2026-12-18,79,call,1442
2026-12-18,79,put,825
2026-12-18,80,call,14163
2026-12-18,80,put,14349
2026-12-18,81,call,1937
2026-12-18,81,put,1932
2026-12-18,82,call,1857
2026-12-18,82,put,3429
2026-12-18,83,call,2725
2026-12-18,83,put,1139
2026-12-18,84,call,1787
2026-12-18,84,put,1192
2026-12-18,85,call,7268
2026-12-18,85,put,8320
2026-12-18,86,call,1848
2026-12-18,86,put,4125
2026-12-18,87,call,1881
2026-12-18,87,put,772
2026-12-18,88,call,3959
2026-12-18,88,put,1019
2026-12-18,89,call,1248
2026-12-18,89,put,7726
2026-12-18,90,call,13662
2026-12-18,90,put,19065
2026-12-18,91,call,2421
2026-12-18,91,put,2091
2026-12-18,92,call,1440
2026-12-18,92,put,2399
2026-12-18,93,call,3540
2026-12-18,93,put,2467
2026-12-18,94,call,1345
2026-12-18,94,put,1004
2026-12-18,95,call,1871
2026-12-18,95,put,5838
2026-12-18,96,call,703
2026-12-18,96,put,1993
2026-12-18,97,call,4108
2026-12-18,97,put,1649
2026-12-18,98,call,703
2026-12-18,98,put,943
2026-12-18,99,call,1448
2026-12-18,99,put,2663
2026-12-18,100,call,16089
2026-12-18,100,put,30347
2026-12-18,101,call,12471
2026-12-18,101,put,5314
2026-12-18,102,call,1336
2026-12-18,102,put,926
2026-12-18,103,call,12156
2026-12-18,103,put,1627
2026-12-18,104,call,451
2026-12-18,104,put,795
2026-12-18,105,call,12116
2026-12-18,105,put,5735
2026-12-18,106,call,894
2026-12-18,106,put,893
2026-12-18,107,call,974
2026-12-18,107,put,1545
2026-12-18,108,call,1238
2026-12-18,108,put,2557
2026-12-18,109,call,416
2026-12-18,109,put,631
2026-12-18,110,call,14774
2026-12-18,110,put,18227
2026-12-18,111,call,656
2026-12-18,111,put,819
2026-12-18,112,call,1347
2026-12-18,112,put,3876
2026-12-18,113,call,2155
2026-12-18,113,put,3272
2026-12-18,114,call,676
2026-12-18,114,put,2162
2026-12-18,115,call,1722
2026-12-18,115,put,6493
2026-12-18,116,call,953
2026-12-18,116,put,4987
2026-12-18,117,call,1900
2026-12-18,117,put,1810
2026-12-18,118,call,1836
2026-12-18,118,put,1839
2026-12-18,119,call,905
2026-12-18,119,put,1284
2026-12-18,120,call,7630
2026-12-18,120,put,19447
2026-12-18,121,call,874
2026-12-18,121,put,892
2026-12-18,122,call,2726
2026-12-18,122,put,1489
2026-12-18,123,call,910
2026-12-18,123,put,1440
2026-12-18,124,call,849
2026-12-18,124,put,7542
2026-12-18,125,call,12338
2026-12-18,125,put,18849
2026-12-18,126,call,4397
2026-12-18,126,put,2970
2026-12-18,127,call,1694
2026-12-18,127,put,3371
2026-12-18,128,call,1305
2026-12-18,128,put,1422
2026-12-18,129,call,1203
2026-12-18,129,put,1632
2026-12-18,130,call,30562
2026-12-18,130,put,14069
2026-12-18,132,call,2371
2026-12-18,132,put,3173
2026-12-18,134,call,1975
2026-12-18,134,put,3370
2026-12-18,135,call,3132
2026-12-18,135,put,6924
2026-12-18,136,call,2087
2026-12-18,136,put,1719
2026-12-18,138,call,2760
2026-12-18,138,put,3630
2026-12-18,140,call,13073
2026-12-18,140,put,17980
2026-12-18,142,call,1271
2026-12-18,142,put,2338
2026-12-18,144,call,1249
2026-12-18,144,put,2293
2026-12-18,145,call,3199
2026-12-18,145,put,7393
2026-12-18,146,call,1911
2026-12-18,146,put,4655
2026-12-18,148,call,9101
2026-12-18,148,put,4465
2026-12-18,150,call,15432
2026-12-18,150,put,27353
2026-12-18,152,call,957
2026-12-18,152,put,2039
2026-12-18,154,call,3690
2026-12-18,154,put,1583
2026-12-18,155,call,1056
2026-12-18,155,put,12682
2026-12-18,156,call,2282
2026-12-18,156,put,1770
2026-12-18,158,call,1145
2026-12-18,158,put,3719
2026-12-18,160,call,14484
2026-12-18,160,put,43975
2026-12-18,162,call,1244
2026-12-18,162,put,4087
2026-12-18,164,call,29946
2026-12-18,164,put,9703
2026-12-18,165,call,1796
2026-12-18,165,put,22080
2026-12-18,166,call,937
2026-12-18,166,put,2036
2026-12-18,167,call,600
2026-12-18,167,put,4217
2026-12-18,168,call,1197
2026-12-18,168,put,2248
2026-12-18,169,call,1222
2026-12-18,169,put,4132
2026-12-18,170,call,6796
2026-12-18,170,put,18383
2026-12-18,171,call,1248
2026-12-18,171,put,3446
2026-12-18,172,call,1619
2026-12-18,172,put,2251
2026-12-18,173,call,397
2026-12-18,173,put,3211
2026-12-18,174,call,2149
2026-12-18,174,put,3317
2026-12-18,175,call,5335
2026-12-18,175,put,14205
2026-12-18,176,call,14647
2026-12-18,176,put,2568
2026-12-18,177,call,1598
2026-12-18,177,put,2111
2026-12-18,178,call,2231
2026-12-18,178,put,4050
2026-12-18,179,call,3012
2026-12-18,179,put,3278
2026-12-18,180,call,22828
2026-12-18,180,put,26704
2026-12-18,181,call,3729
2026-12-18,181,put,4170
2026-12-18,182,call,1930
2026-12-18,182,put,3169
2026-12-18,183,call,2540
2026-12-18,183,put,2755
2026-12-18,184,call,2632
2026-12-18,184,put,1796
2026-12-18,185,call,4752
2026-12-18,185,put,13834
2026-12-18,186,call,2260
2026-12-18,186,put,5213
2026-12-18,187,call,1783
2026-12-18,187,put,3551
2026-12-18,188,call,1979
2026-12-18,188,put,3755
2026-12-18,189,call,5084
2026-12-18,189,put,3457
2026-12-18,190,call,11660
2026-12-18,190,put,30986
2026-12-18,191,call,1527
2026-12-18,191,put,2865
2026-12-18,192,call,968
2026-12-18,192,put,2354
2026-12-18,193,call,1551
2026-12-18,193,put,2465
2026-12-18,194,call,12748
2026-12-18,194,put,2936
2026-12-18,195,call,3901
2026-12-18,195,put,18975
2026-12-18,200,call,49001
2026-12-18,200,put,64685
2026-12-18,205,call,5814
2026-12-18,205,put,13899
2026-12-18,210,call,29394
2026-12-18,210,put,29537
2026-12-18,212,call,2281
2026-12-18,212,put,4632
2026-12-18,213,call,2650
2026-12-18,213,put,2573
2026-12-18,214,call,2365
2026-12-18,214,put,3213
2026-12-18,215,call,12706
2026-12-18,215,put,7860
2026-12-18,216,call,2862
2026-12-18,216,put,1950
2026-12-18,217,call,3122
2026-12-18,217,put,3542
2026-12-18,218,call,2614
2026-12-18,218,put,1129
2026-12-18,219,call,1665
2026-12-18,219,put,2184
2026-12-18,220,call,59331
2026-12-18,220,put,44347
2026-12-18,221,call,2342
2026-12-18,221,put,5986
2026-12-18,222,call,2835
2026-12-18,222,put,1413
2026-12-18,223,call,2079
2026-12-18,223,put,933
2026-12-18,224,call,1660
2026-12-18,224,put,2096
2026-12-18,225,call,20043
2026-12-18,225,put,9145
2026-12-18,226,call,3489
2026-12-18,226,put,1482
2026-12-18,227,call,1685
2026-12-18,227,put,2165
2026-12-18,228,call,17379
2026-12-18,228,put,3067
2026-12-18,230,call,25447
2026-12-18,230,put,16461
2026-12-18,235,call,14413
2026-12-18,235,put,4101
2026-12-18,240,call,29884
2026-12-18,240,put,8001
2026-12-18,245,call,21262
2026-12-18,245,put,1801
2026-12-18,250,call,51878
2026-12-18,250,put,2725
2026-12-18,255,call,12792
2026-12-18,255,put,1407
2026-12-18,260,call,25981
2026-12-18,260,put,1220
2026-12-18,265,call,11317
2026-12-18,265,put,798
2026-12-18,270,call,29297
2026-12-18,270,put,1554
2026-12-18,275,call,22963
2026-12-18,275,put,1256
2026-12-18,280,call,35471
2026-12-18,280,put,342
2026-12-18,285,call,8007
2026-12-18,285,put,385
2026-12-18,290,call,15659
2026-12-18,290,put,345
2026-12-18,295,call,5408
2026-12-18,295,put,25
2026-12-18,300,call,51628
2026-12-18,300,put,16
2026-12-18,305,call,7171
2026-12-18,305,put,1
2026-12-18,310,call,7483
2026-12-18,310,put,0
2026-12-18,315,call,2165
2026-12-18,315,put,0
2026-12-18,320,call,6266
2026-12-18,320,put,0
2026-12-18,325,call,4119
2026-12-18,325,put,0
2026-12-18,330,call,6249
2026-12-18,330,put,0
2026-12-18,335,call,864
2026-12-18,335,put,0
2026-12-18,340,call,3371
2026-12-18,340,put,0
2026-12-18,345,call,2751
2026-12-18,345,put,0
2026-12-18,350,call,4032
2026-12-18,350,put,0
2026-12-18,355,call,2970
2026-12-18,355,put,0
2026-12-18,360,call,3444
2026-12-18,360,put,0
2026-12-18,365,call,488
2026-12-18,365,put,0
2026-12-18,370,call,2971
2026-12-18,370,put,0
2026-12-18,375,call,594
2026-12-18,375,put,0
2026-12-18,380,call,1903
2026-12-18,380,put,0
2026-12-18,385,call,1533
2026-12-18,385,put,0
2026-12-18,390,call,4732
2026-12-18,390,put,0
2026-12-18,400,call,6746
2026-12-18,400,put,0
2026-12-18,410,call,3104
2026-12-18,410,put,0
2026-12-18,420,call,4795
2026-12-18,420,put,0
2026-12-18,430,call,914
2026-12-18,430,put,0
2026-12-18,440,call,579
2026-12-18,440,put,0
2026-12-18,450,call,7765
2026-12-18,450,put,0
2026-12-18,455,call,3073
2026-12-18,455,put,0
2026-12-18,460,call,17569
2026-12-18,460,put,0
2026-12-18,470,call,1
2026-12-18,470,put,0
2026-12-18,480,call,1
2026-12-18,480,put,0
2027-01-15,5,call,194
2027-01-15,5,put,9183
2027-01-15,10,call,216
2027-01-15,10,put,3238
2027-01-15,15,call,187
2027-01-15,15,put,33303
2027-01-15,20,call,3099
2027-01-15,20,put,12621
2027-01-15,25,call,552
2027-01-15,25,put,18109
2027-01-15,30,call,439
2027-01-15,30,put,2998
2027-01-15,35,call,1867
2027-01-15,35,put,6600
2027-01-15,40,call,597
2027-01-15,40,put,2623
2027-01-15,45,call,1062
2027-01-15,45,put,7258
2027-01-15,50,call,1506
2027-01-15,50,put,12480
2027-01-15,55,call,2412
2027-01-15,55,put,3601
2027-01-15,60,call,2426
2027-01-15,60,put,15920
2027-01-15,65,call,679
2027-01-15,65,put,6216
2027-01-15,70,call,5127
2027-01-15,70,put,13326
2027-01-15,75,call,3347
2027-01-15,75,put,10510
2027-01-15,80,call,14138
2027-01-15,80,put,25961
2027-01-15,85,call,1437
2027-01-15,85,put,13601
2027-01-15,90,call,7570
2027-01-15,90,put,28591
2027-01-15,95,call,3071
2027-01-15,95,put,22600
2027-01-15,100,call,29506
2027-01-15,100,put,185601
2027-01-15,105,call,5432
2027-01-15,105,put,16916
2027-01-15,110,call,3870
2027-01-15,110,put,23092
2027-01-15,115,call,5913
2027-01-15,115,put,20331
2027-01-15,120,call,8977
2027-01-15,120,put,32391
2027-01-15,125,call,6626
2027-01-15,125,put,18618
2027-01-15,130,call,13896
2027-01-15,130,put,29072
2027-01-15,135,call,18193
2027-01-15,135,put,18872
2027-01-15,140,call,11836
2027-01-15,140,put,25850
2027-01-15,145,call,3566
2027-01-15,145,put,26541
2027-01-15,150,call,25257
2027-01-15,150,put,136835
2027-01-15,155,call,6934
2027-01-15,155,put,16111
2027-01-15,160,call,37770
2027-01-15,160,put,27044
2027-01-15,165,call,6789
2027-01-15,165,put,20347
2027-01-15,170,call,14780
2027-01-15,170,put,59351
2027-01-15,175,call,16957
2027-01-15,175,put,23405
2027-01-15,180,call,44372
2027-01-15,180,put,57279
2027-01-15,185,call,14643
2027-01-15,185,put,20470
2027-01-15,190,call,23333
2027-01-15,190,put,44889
2027-01-15,195,call,19263
2027-01-15,195,put,18837
2027-01-15,200,call,290647
2027-01-15,200,put,80811
2027-01-15,205,call,5266
2027-01-15,205,put,17549
2027-01-15,210,call,42144
2027-01-15,210,put,25754
2027-01-15,215,call,12126
2027-01-15,215,put,20725
2027-01-15,220,call,39583
2027-01-15,220,put,43290
2027-01-15,225,call,14774
2027-01-15,225,put,12713
2027-01-15,230,call,40807
2027-01-15,230,put,14314
2027-01-15,235,call,21765
2027-01-15,235,put,6548
2027-01-15,240,call,45865
2027-01-15,240,put,7871
2027-01-15,245,call,13950
2027-01-15,245,put,5230
2027-01-15,250,call,64104
2027-01-15,250,put,3111
2027-01-15,255,call,22055
2027-01-15,255,put,878
2027-01-15,260,call,64344
2027-01-15,260,put,3414
2027-01-15,265,call,14220
2027-01-15,265,put,663
2027-01-15,270,call,31442
2027-01-15,270,put,1700
2027-01-15,275,call,9536
2027-01-15,275,put,1552
2027-01-15,280,call,34740
2027-01-15,280,put,2734
2027-01-15,285,call,11588
2027-01-15,285,put,450
2027-01-15,290,call,41132
2027-01-15,290,put,582
2027-01-15,295,call,6140
2027-01-15,295,put,39
2027-01-15,300,call,70045
2027-01-15,300,put,1671
2027-01-15,310,call,14950
2027-01-15,310,put,2
2027-01-15,320,call,14426
2027-01-15,320,put,1
2027-01-15,330,call,6001
2027-01-15,330,put,0
2027-01-15,340,call,73224
2027-01-15,340,put,0
2027-01-15,350,call,12503
2027-01-15,350,put,0
2027-01-15,360,call,7871
2027-01-15,360,put,0
2027-01-15,370,call,5148
2027-01-15,370,put,0
2027-01-15,380,call,3040
2027-01-15,380,put,0
2027-01-15,390,call,3486
2027-01-15,390,put,0
2027-01-15,400,call,8312
2027-01-15,400,put,0
2027-01-15,410,call,2209
2027-01-15,410,put,0
2027-01-15,420,call,11355
2027-01-15,420,put,0
2027-01-15,430,call,2625
2027-01-15,430,put,0
2027-01-15,440,call,5199
2027-01-15,440,put,0
2027-01-15,450,call,3568
2027-01-15,450,put,0
2027-01-15,455,call,970
2027-01-15,455,put,0
2027-01-15,460,call,39266
2027-01-15,460,put,0
2027-01-15,470,call,28
2027-01-15,470,put,0
2027-01-15,480,call,333
2027-01-15,480,put,0
2027-02-19,5,call,0
2027-02-19,5,put,25
2027-02-19,10,call,0
2027-02-19,10,put,1000
2027-02-19,15,call,0
2027-02-19,15,put,0
2027-02-19,20,call,2
2027-02-19,20,put,2
2027-02-19,25,call,0
2027-02-19,25,put,0
2027-02-19,30,call,3
2027-02-19,30,put,1
2027-02-19,35,call,20
2027-02-19,35,put,3
2027-02-19,40,call,3
2027-02-19,40,put,4
2027-02-19,45,call,0
2027-02-19,45,put,5
2027-02-19,50,call,27
2027-02-19,50,put,259
2027-02-19,55,call,1
2027-02-19,55,put,224
2027-02-19,60,call,4
2027-02-19,60,put,182
2027-02-19,65,call,10
2027-02-19,65,put,95
2027-02-19,70,call,9
2027-02-19,70,put,94
2027-02-19,75,call,5
2027-02-19,75,put,497
2027-02-19,80,call,2
2027-02-19,80,put,223
2027-02-19,85,call,5
2027-02-19,85,put,130
2027-02-19,90,call,3
2027-02-19,90,put,166
2027-02-19,95,call,1
2027-02-19,95,put,194
2027-02-19,100,call,42
2027-02-19,100,put,602
2027-02-19,105,call,2
2027-02-19,105,put,154
2027-02-19,110,call,35
2027-02-19,110,put,5452
2027-02-19,115,call,139
2027-02-19,115,put,393
2027-02-19,120,call,77
2027-02-19,120,put,113613
2027-02-19,125,call,14
2027-02-19,125,put,374
2027-02-19,130,call,52
2027-02-19,130,put,691
2027-02-19,135,call,53
2027-02-19,135,put,3395
2027-02-19,140,call,98
2027-02-19,140,put,1226
2027-02-19,145,call,138
2027-02-19,145,put,1359
2027-02-19,150,call,241
2027-02-19,150,put,4033
2027-02-19,155,call,117
2027-02-19,155,put,4137
2027-02-19,160,call,259
2027-02-19,160,put,4754
2027-02-19,165,call,125
2027-02-19,165,put,81316
2027-02-19,170,call,190
2027-02-19,170,put,4463
2027-02-19,175,call,655
2027-02-19,175,put,5076
2027-02-19,180,call,839
2027-02-19,180,put,8737
2027-02-19,185,call,456
2027-02-19,185,put,8318
2027-02-19,190,call,1322
2027-02-19,190,put,8626
2027-02-19,195,call,337
2027-02-19,195,put,3970
2027-02-19,200,call,2115
2027-02-19,200,put,8570
2027-02-19,205,call,1169
2027-02-19,205,put,4158
2027-02-19,210,call,2361
2027-02-19,210,put,4836
2027-02-19,215,call,2165
2027-02-19,215,put,4110
2027-02-19,220,call,2464
2027-02-19,220,put,2224
2027-02-19,225,call,3803
2027-02-19,225,put,2376
2027-02-19,230,call,6540
2027-02-19,230,put,4023
2027-02-19,235,call,2924
2027-02-19,235,put,1336
2027-02-19,240,call,3577
2027-02-19,240,put,1826
2027-02-19,245,call,2209
2027-02-19,245,put,592
2027-02-19,250,call,8312
2027-02-19,250,put,391
2027-02-19,255,call,3137
2027-02-19,255,put,253
2027-02-19,260,call,6399
2027-02-19,260,put,217
2027-02-19,265,call,4187
2027-02-19,265,put,168
2027-02-19,270,call,8291
2027-02-19,270,put,372
2027-02-19,275,call,5416
2027-02-19,275,put,265
2027-02-19,280,call,7271
2027-02-19,280,put,265
2027-02-19,285,call,3446
2027-02-19,285,put,299
2027-02-19,290,call,3989
2027-02-19,290,put,73
2027-02-19,295,call,1202
2027-02-19,295,put,80
2027-02-19,300,call,2725
2027-02-19,300,put,80
2027-02-19,305,call,1720
2027-02-19,305,put,5
2027-02-19,310,call,1960
2027-02-19,310,put,8
2027-02-19,315,call,550
2027-02-19,315,put,0
2027-02-19,320,call,2317
2027-02-19,320,put,0
2027-02-19,325,call,525
2027-02-19,325,put,0
2027-02-19,330,call,603
2027-02-19,330,put,0
2027-02-19,335,call,253
2027-02-19,335,put,0
2027-02-19,340,call,965
2027-02-19,340,put,0
2027-02-19,345,call,228
2027-02-19,345,put,0
2027-02-19,350,call,627
2027-02-19,350,put,0
2027-02-19,355,call,1252
2027-02-19,355,put,0
2027-02-19,360,call,388
2027-02-19,360,put,0
2027-02-19,365,call,427
2027-02-19,365,put,0
2027-02-19,370,call,409
2027-02-19,370,put,0
2027-02-19,375,call,180
2027-02-19,375,put,0
2027-02-19,380,call,185
2027-02-19,380,put,0
2027-02-19,385,call,237
2027-02-19,385,put,0
2027-02-19,390,call,1309
2027-02-19,390,put,0
2027-02-19,395,call,66
2027-02-19,395,put,0
2027-02-19,400,call,127
2027-02-19,400,put,0
2027-02-19,405,call,148
2027-02-19,405,put,0
2027-02-19,410,call,40
2027-02-19,410,put,0
2027-02-19,415,call,19
2027-02-19,415,put,0
2027-02-19,420,call,130
2027-02-19,420,put,0
2027-02-19,425,call,51
2027-02-19,425,put,0
2027-02-19,430,call,16
2027-02-19,430,put,0
2027-02-19,435,call,125
2027-02-19,435,put,0
2027-02-19,440,call,138
2027-02-19,440,put,0
2027-02-19,445,call,3
2027-02-19,445,put,0
2027-02-19,450,call,69
2027-02-19,450,put,0
2027-02-19,455,call,21
2027-02-19,455,put,0
2027-02-19,460,call,720
2027-02-19,460,put,0
2027-02-19,470,call,2
2027-02-19,470,put,0
2027-02-19,480,call,9
2027-02-19,480,put,0
2027-03-19,2.5,call,3
2027-03-19,2.5,put,0
2027-03-19,5,call,58
2027-03-19,5,put,1002
2027-03-19,7.5,call,0
2027-03-19,7.5,put,3021
2027-03-19,10,call,0
2027-03-19,10,put,1000
2027-03-19,12.5,call,0
2027-03-19,12.5,put,0
2027-03-19,15,call,5
2027-03-19,15,put,2
2027-03-19,17.5,call,0
2027-03-19,17.5,put,0
2027-03-19,20,call,0
2027-03-19,20,put,4
2027-03-19,22.5,call,0
2027-03-19,22.5,put,4
2027-03-19,25,call,0
2027-03-19,25,put,8
2027-03-19,30,call,4
2027-03-19,30,put,14
2027-03-19,35,call,2
2027-03-19,35,put,55
2027-03-19,40,call,12
2027-03-19,40,put,11
2027-03-19,45,call,1
2027-03-19,45,put,103
2027-03-19,50,call,54
2027-03-19,50,put,900
2027-03-19,55,call,34
2027-03-19,55,put,405
2027-03-19,60,call,313
2027-03-19,60,put,1011
2027-03-19,65,call,49
2027-03-19,65,put,410
2027-03-19,70,call,320
2027-03-19,70,put,559
2027-03-19,75,call,3460
2027-03-19,75,put,3544
2027-03-19,80,call,74
2027-03-19,80,put,811
2027-03-19,85,call,132
2027-03-19,85,put,309
2027-03-19,90,call,837
2027-03-19,90,put,3304
2027-03-19,95,call,86
2027-03-19,95,put,1155
2027-03-19,100,call,392
2027-03-19,100,put,5584
2027-03-19,105,call,184
2027-03-19,105,put,755
2027-03-19,110,call,508
2027-03-19,110,put,3279
2027-03-19,115,call,415
2027-03-19,115,put,6076
2027-03-19,120,call,587
2027-03-19,120,put,3071
2027-03-19,125,call,416
2027-03-19,125,put,12058
2027-03-19,130,call,657
2027-03-19,130,put,17000
2027-03-19,135,call,293
2027-03-19,135,put,10210
2027-03-19,140,call,575
2027-03-19,140,put,19056
2027-03-19,145,call,315
2027-03-19,145,put,14662
2027-03-19,150,call,1689
2027-03-19,150,put,28737
2027-03-19,155,call,652
2027-03-19,155,put,7984
2027-03-19,160,call,2437
2027-03-19,160,put,23706
2027-03-19,165,call,1426
2027-03-19,165,put,9020
2027-03-19,170,call,4860
2027-03-19,170,put,17054
2027-03-19,175,call,2403
2027-03-19,175,put,9118
2027-03-19,180,call,4220
2027-03-19,180,put,24938
2027-03-19,185,call,2996
2027-03-19,185,put,87021
2027-03-19,190,call,4079
2027-03-19,190,put,16256
2027-03-19,195,call,7827
2027-03-19,195,put,11692
2027-03-19,200,call,32097
2027-03-19,200,put,22690
2027-03-19,205,call,2250
2027-03-19,205,put,16586
2027-03-19,210,call,25259
2027-03-19,210,put,20455
2027-03-19,215,call,10613
2027-03-19,215,put,13446
2027-03-19,220,call,20032
2027-03-19,220,put,8400
2027-03-19,225,call,12570
2027-03-19,225,put,7612
2027-03-19,230,call,12799
2027-03-19,230,put,12645
2027-03-19,235,call,11366
2027-03-19,235,put,2936
2027-03-19,240,call,16257
2027-03-19,240,put,6915
2027-03-19,245,call,6493
2027-03-19,245,put,1901
2027-03-19,250,call,41217
2027-03-19,250,put,1043
2027-03-19,255,call,5193
2027-03-19,255,put,785
2027-03-19,260,call,40057
2027-03-19,260,put,1581
2027-03-19,265,call,5160
2027-03-19,265,put,1275
2027-03-19,270,call,17501
2027-03-19,270,put,1279
2027-03-19,275,call,5990
2027-03-19,275,put,973
2027-03-19,280,call,16862
2027-03-19,280,put,2662
2027-03-19,285,call,5792
2027-03-19,285,put,445
2027-03-19,290,call,11848
2027-03-19,290,put,499
2027-03-19,295,call,4000
2027-03-19,295,put,459
2027-03-19,300,call,21809
2027-03-19,300,put,741
2027-03-19,305,call,2329
2027-03-19,305,put,483
2027-03-19,310,call,6269
2027-03-19,310,put,500
2027-03-19,315,call,3561
2027-03-19,315,put,359
2027-03-19,320,call,21169
2027-03-19,320,put,51
2027-03-19,325,call,2150
2027-03-19,325,put,0
2027-03-19,330,call,5421
2027-03-19,330,put,0
2027-03-19,335,call,3326
2027-03-19,335,put,0
2027-03-19,340,call,2168
2027-03-19,340,put,0
2027-03-19,345,call,870
2027-03-19,345,put,0
2027-03-19,350,call,5692
2027-03-19,350,put,0
2027-03-19,355,call,1002
2027-03-19,355,put,0
2027-03-19,360,call,2844
2027-03-19,360,put,0
2027-03-19,365,call,328
2027-03-19,365,put,0
2027-03-19,370,call,4439
2027-03-19,370,put,5
2027-03-19,375,call,214
2027-03-19,375,put,0
2027-03-19,380,call,904
2027-03-19,380,put,0
2027-03-19,385,call,623
2027-03-19,385,put,0
2027-03-19,390,call,1047
2027-03-19,390,put,0
2027-03-19,395,call,335
2027-03-19,395,put,0
2027-03-19,400,call,3008
2027-03-19,400,put,0
2027-03-19,405,call,618
2027-03-19,405,put,0
2027-03-19,410,call,1263
2027-03-19,410,put,0
2027-03-19,415,call,126
2027-03-19,415,put,0
2027-03-19,420,call,1204
2027-03-19,420,put,0
2027-03-19,430,call,413
2027-03-19,430,put,0
2027-03-19,440,call,845
2027-03-19,440,put,0
2027-03-19,450,call,453
2027-03-19,450,put,0
2027-03-19,455,call,324
2027-03-19,455,put,0
2027-03-19,460,call,6615
2027-03-19,460,put,0
2027-03-19,470,call,1
2027-03-19,470,put,0
2027-03-19,480,call,80
2027-03-19,480,put,0
2027-04-16,5,call,0
2027-04-16,5,put,0
2027-04-16,10,call,0
2027-04-16,10,put,0
2027-04-16,15,call,0
2027-04-16,15,put,0
2027-04-16,20,call,0
2027-04-16,20,put,0
2027-04-16,25,call,0
2027-04-16,25,put,0
2027-04-16,30,call,0
2027-04-16,30,put,0
2027-04-16,35,call,0
2027-04-16,35,put,6
2027-04-16,40,call,0
2027-04-16,40,put,4
2027-04-16,45,call,0
2027-04-16,45,put,10
2027-04-16,50,call,1
2027-04-16,50,put,23
2027-04-16,55,call,0
2027-04-16,55,put,7
2027-04-16,60,call,1
2027-04-16,60,put,44
2027-04-16,65,call,1
2027-04-16,65,put,59
2027-04-16,70,call,1
2027-04-16,70,put,5
2027-04-16,75,call,0
2027-04-16,75,put,276
2027-04-16,80,call,0
2027-04-16,80,put,62
2027-04-16,85,call,13
2027-04-16,85,put,42
2027-04-16,90,call,1
2027-04-16,90,put,138
2027-04-16,95,call,1
2027-04-16,95,put,219
2027-04-16,100,call,7
2027-04-16,100,put,1316
2027-04-16,105,call,0
2027-04-16,105,put,20
2027-04-16,110,call,21
2027-04-16,110,put,631
2027-04-16,115,call,4
2027-04-16,115,put,283
2027-04-16,120,call,12
2027-04-16,120,put,131
2027-04-16,125,call,0
2027-04-16,125,put,439
2027-04-16,130,call,10
2027-04-16,130,put,265
2027-04-16,135,call,0
2027-04-16,135,put,167
2027-04-16,140,call,7
2027-04-16,140,put,629
2027-04-16,145,call,16
2027-04-16,145,put,577
2027-04-16,150,call,63
2027-04-16,150,put,1916
2027-04-16,155,call,8
2027-04-16,155,put,136
2027-04-16,160,call,31
2027-04-16,160,put,415
2027-04-16,165,call,120
2027-04-16,165,put,873
2027-04-16,170,call,49
2027-04-16,170,put,994
2027-04-16,175,call,34
2027-04-16,175,put,4130
2027-04-16,180,call,39
2027-04-16,180,put,7277
2027-04-16,185,call,48
2027-04-16,185,put,1465
2027-04-16,190,call,64
2027-04-16,190,put,2994
2027-04-16,195,call,268
2027-04-16,195,put,1303
2027-04-16,200,call,262
2027-04-16,200,put,8064
2027-04-16,205,call,90
2027-04-16,205,put,1204
2027-04-16,210,call,246
2027-04-16,210,put,5855
2027-04-16,215,call,2179
2027-04-16,215,put,883
2027-04-16,220,call,324
2027-04-16,220,put,531
2027-04-16,225,call,629
2027-04-16,225,put,2158
2027-04-16,230,call,4904
2027-04-16,230,put,2459
2027-04-16,235,call,757
2027-04-16,235,put,1341
2027-04-16,240,call,1057
2027-04-16,240,put,883
2027-04-16,245,call,648
2027-04-16,245,put,176
2027-04-16,250,call,806
2027-04-16,250,put,128
2027-04-16,255,call,526
2027-04-16,255,put,149
2027-04-16,260,call,931
2027-04-16,260,put,441
2027-04-16,265,call,292
2027-04-16,265,put,6
2027-04-16,270,call,468
2027-04-16,270,put,109
2027-04-16,275,call,845
2027-04-16,275,put,91
2027-04-16,280,call,537
2027-04-16,280,put,118
2027-04-16,285,call,441
2027-04-16,285,put,104
2027-04-16,290,call,1685
2027-04-16,290,put,121
2027-04-16,295,call,577
2027-04-16,295,put,148
2027-04-16,300,call,1805
2027-04-16,300,put,55
2027-04-16,305,call,841
2027-04-16,305,put,8
2027-04-16,310,call,346
2027-04-16,310,put,17
2027-04-16,315,call,31
2027-04-16,315,put,0
2027-04-16,320,call,273
2027-04-16,320,put,0
2027-04-16,325,call,59
2027-04-16,325,put,3
2027-04-16,330,call,124
2027-04-16,330,put,0
2027-04-16,335,call,862
2027-04-16,335,put,0
2027-04-16,340,call,119
2027-04-16,340,put,0
2027-04-16,345,call,12
2027-04-16,345,put,0
2027-04-16,350,call,1013
2027-04-16,350,put,0
2027-04-16,355,call,62
2027-04-16,355,put,0
2027-04-16,360,call,118
2027-04-16,360,put,0
2027-04-16,365,call,177
2027-04-16,365,put,0
2027-04-16,370,call,63
2027-04-16,370,put,0
2027-04-16,375,call,71
2027-04-16,375,put,0
2027-04-16,380,call,22
2027-04-16,380,put,0
2027-04-16,385,call,32
2027-04-16,385,put,0
2027-04-16,390,call,67
2027-04-16,390,put,0
2027-04-16,395,call,73
2027-04-16,395,put,0
2027-04-16,400,call,346
2027-04-16,400,put,0
2027-04-16,405,call,24
2027-04-16,405,put,0
2027-04-16,410,call,158
2027-04-16,410,put,0
2027-04-16,415,call,29
2027-04-16,415,put,0
2027-04-16,420,call,227
2027-04-16,420,put,0
2027-04-16,425,call,71
2027-04-16,425,put,0
2027-04-16,430,call,44
2027-04-16,430,put,0
2027-04-16,435,call,341
2027-04-16,435,put,0
2027-04-16,440,call,45
2027-04-16,440,put,0
2027-04-16,450,call,0
2027-04-16,450,put,0
2027-04-16,460,call,3
2027-04-16,460,put,0
2027-04-16,470,call,6
2027-04-16,470,put,0
2027-04-16,480,call,1
2027-04-16,480,put,0
2027-05-21,50,call,1
2027-05-21,50,put,2
2027-05-21,55,call,0
2027-05-21,55,put,1
2027-05-21,60,call,0
2027-05-21,60,put,2
2027-05-21,65,call,0
2027-05-21,65,put,3
2027-05-21,70,call,1
2027-05-21,70,put,3
2027-05-21,75,call,0
2027-05-21,75,put,1
2027-05-21,80,call,0
2027-05-21,80,put,103
2027-05-21,85,call,1
2027-05-21,85,put,2
2027-05-21,90,call,1
2027-05-21,90,put,1
2027-05-21,95,call,0
2027-05-21,95,put,21
2027-05-21,100,call,0
2027-05-21,100,put,51
2027-05-21,105,call,0
2027-05-21,105,put,0
2027-05-21,110,call,0
2027-05-21,110,put,1
2027-05-21,115,call,0
2027-05-21,115,put,0
2027-05-21,120,call,2
2027-05-21,120,put,12
2027-05-21,125,call,0
2027-05-21,125,put,5
2027-05-21,130,call,5
2027-05-21,130,put,17
2027-05-21,135,call,0
2027-05-21,135,put,30
2027-05-21,140,call,1
2027-05-21,140,put,1
2027-05-21,145,call,1
2027-05-21,145,put,11
2027-05-21,150,call,10
2027-05-21,150,put,24
2027-05-21,155,call,0
2027-05-21,155,put,23
2027-05-21,160,call,4
2027-05-21,160,put,22
2027-05-21,165,call,4
2027-05-21,165,put,19
2027-05-21,170,call,15
2027-05-21,170,put,28
2027-05-21,175,call,0
2027-05-21,175,put,226
2027-05-21,180,call,2
2027-05-21,180,put,78
2027-05-21,185,call,0
2027-05-21,185,put,914
2027-05-21,190,call,4
2027-05-21,190,put,87
2027-05-21,195,call,3
2027-05-21,195,put,313
2027-05-21,200,call,7
2027-05-21,200,put,2079
2027-05-21,205,call,10
2027-05-21,205,put,12
2027-05-21,210,call,23
2027-05-21,210,put,20
2027-05-21,215,call,26
2027-05-21,215,put,4
2027-05-21,220,call,25
2027-05-21,220,put,76
2027-05-21,225,call,70
2027-05-21,225,put,222
2027-05-21,230,call,868
2027-05-21,230,put,1582
2027-05-21,235,call,2377
2027-05-21,235,put,557
2027-05-21,240,call,367
2027-05-21,240,put,1956
2027-05-21,245,call,1199
2027-05-21,245,put,2294
2027-05-21,250,call,180
2027-05-21,250,put,362
2027-05-21,255,call,133
2027-05-21,255,put,30
2027-05-21,260,call,33
2027-05-21,260,put,3
2027-05-21,265,call,222
2027-05-21,265,put,0
2027-05-21,270,call,59
2027-05-21,270,put,0
2027-05-21,275,call,299
2027-05-21,275,put,0
2027-05-21,280,call,84
2027-05-21,280,put,29
2027-05-21,285,call,19
2027-05-21,285,put,2
2027-05-21,290,call,72
2027-05-21,290,put,0
2027-05-21,295,call,130
2027-05-21,295,put,0
2027-05-21,300,call,38
2027-05-21,300,put,0
2027-05-21,305,call,15
2027-05-21,305,put,0
2027-05-21,310,call,17
2027-05-21,310,put,0
2027-05-21,315,call,13
2027-05-21,315,put,0
2027-05-21,320,call,1
2027-05-21,320,put,0
2027-05-21,325,call,95
2027-05-21,325,put,0
2027-05-21,330,call,2
2027-05-21,330,put,0
2027-05-21,335,call,6
2027-05-21,335,put,0
2027-05-21,340,call,18
2027-05-21,340,put,0
2027-05-21,345,call,8
2027-05-21,345,put,0
2027-05-21,350,call,5
2027-05-21,350,put,0
2027-05-21,355,call,1
2027-05-21,355,put,0
2027-05-21,360,call,0
2027-05-21,360,put,0
2027-05-21,365,call,4
2027-05-21,365,put,0
2027-05-21,370,call,37
2027-05-21,370,put,0
2027-05-21,375,call,229
2027-05-21,375,put,0
2027-05-21,380,call,7
2027-05-21,380,put,0
2027-05-21,385,call,5
2027-05-21,385,put,0
2027-05-21,390,call,12
2027-05-21,390,put,0
2027-05-21,395,call,12
2027-05-21,395,put,0
2027-05-21,400,call,25
2027-05-21,400,put,0
2027-05-21,405,call,2
2027-05-21,405,put,0
2027-05-21,410,call,0
2027-05-21,410,put,0
2027-05-21,415,call,0
2027-05-21,415,put,0
2027-05-21,420,call,0
2027-05-21,420,put,0
2027-05-21,425,call,3
2027-05-21,425,put,0
2027-05-21,430,call,1
2027-05-21,430,put,0
2027-05-21,435,call,88
2027-05-21,435,put,0
2027-05-21,440,call,6
2027-05-21,440,put,0
2027-05-21,445,call,0
2027-05-21,445,put,0
2027-05-21,450,call,16
2027-05-21,450,put,0
2027-05-21,455,call,0
2027-05-21,455,put,0
2027-05-21,460,call,0
2027-05-21,460,put,0
2027-05-21,465,call,0
2027-05-21,465,put,0
2027-05-21,470,call,0
2027-05-21,470,put,0
2027-05-21,475,call,1
2027-05-21,475,put,0
2027-05-21,480,call,4
2027-05-21,480,put,0
2027-06-17,5,call,14
2027-06-17,5,put,5084
2027-06-17,10,call,162
2027-06-17,10,put,254
2027-06-17,15,call,380
2027-06-17,15,put,418
2027-06-17,20,call,966
2027-06-17,20,put,537
2027-06-17,25,call,388
2027-06-17,25,put,855
2027-06-17,30,call,286
2027-06-17,30,put,11291
2027-06-17,35,call,828
2027-06-17,35,put,666
2027-06-17,40,call,282
2027-06-17,40,put,1253
2027-06-17,45,call,216
2027-06-17,45,put,1379
2027-06-17,50,call,466
2027-06-17,50,put,5046
2027-06-17,55,call,764
2027-06-17,55,put,2658
2027-06-17,60,call,314
2027-06-17,60,put,1573
2027-06-17,65,call,843
2027-06-17,65,put,1092
2027-06-17,70,call,382
2027-06-17,70,put,3649
2027-06-17,75,call,476
2027-06-17,75,put,8858
2027-06-17,80,call,845
2027-06-17,80,put,8014
2027-06-17,85,call,616
2027-06-17,85,put,9042
2027-06-17,90,call,742
2027-06-17,90,put,3327
2027-06-17,95,call,516
2027-06-17,95,put,4081
2027-06-17,100,call,5468
2027-06-17,100,put,19971
2027-06-17,105,call,16391
2027-06-17,105,put,6187
2027-06-17,110,call,7587
2027-06-17,110,put,9317
2027-06-17,115,call,1070
2027-06-17,115,put,9120
2027-06-17,120,call,3248
2027-06-17,120,put,21222
2027-06-17,125,call,1552
2027-06-17,125,put,16753
2027-06-17,130,call,2216
2027-06-17,130,put,16967
2027-06-17,135,call,8710
2027-06-17,135,put,7444
2027-06-17,140,call,3633
2027-06-17,140,put,145593
2027-06-17,145,call,999
2027-06-17,145,put,9139
2027-06-17,150,call,9865
2027-06-17,150,put,49839
2027-06-17,155,call,3492
2027-06-17,155,put,9673
2027-06-17,160,call,7286
2027-06-17,160,put,27795
2027-06-17,165,call,2592
2027-06-17,165,put,9758
2027-06-17,170,call,7403
2027-06-17,170,put,16360
2027-06-17,175,call,6802
2027-06-17,175,put,13783
2027-06-17,180,call,12085
2027-06-17,180,put,30612
2027-06-17,185,call,5076
2027-06-17,185,put,10803
2027-06-17,190,call,11102
2027-06-17,190,put,22206
2027-06-17,195,call,6416
2027-06-17,195,put,13308
2027-06-17,200,call,22137
2027-06-17,200,put,20703
2027-06-17,205,call,21477
2027-06-17,205,put,10981
2027-06-17,210,call,9083
2027-06-17,210,put,13668
2027-06-17,215,call,9689
2027-06-17,215,put,3377
2027-06-17,220,call,18180
2027-06-17,220,put,11011
2027-06-17,225,call,7836
2027-06-17,225,put,5710
2027-06-17,230,call,20593
2027-06-17,230,put,8844
2027-06-17,235,call,4268
2027-06-17,235,put,5598
2027-06-17,240,call,10445
2027-06-17,240,put,22517
2027-06-17,245,call,4634
2027-06-17,245,put,1572
2027-06-17,250,call,23300
2027-06-17,250,put,3703
2027-06-17,255,call,4366
2027-06-17,255,put,1003
2027-06-17,260,call,25015
2027-06-17,260,put,2741
2027-06-17,265,call,8566
2027-06-17,265,put,541
2027-06-17,270,call,9544
2027-06-17,270,put,2186
2027-06-17,275,call,4772
2027-06-17,275,put,560
2027-06-17,280,call,7584
2027-06-17,280,put,3124
2027-06-17,285,call,2881
2027-06-17,285,put,725
2027-06-17,290,call,10313
2027-06-17,290,put,1345
2027-06-17,295,call,4118
2027-06-17,295,put,377
2027-06-17,300,call,32034
2027-06-17,300,put,2210
2027-06-17,310,call,6059
2027-06-17,310,put,734
2027-06-17,320,call,9818
2027-06-17,320,put,574
2027-06-17,330,call,3833
2027-06-17,330,put,194
2027-06-17,340,call,3608
2027-06-17,340,put,5
2027-06-17,350,call,11193
2027-06-17,350,put,0
2027-06-17,360,call,4644
2027-06-17,360,put,0
2027-06-17,370,call,5134
2027-06-17,370,put,0
2027-06-17,380,call,4213
2027-06-17,380,put,0
2027-06-17,390,call,1127
2027-06-17,390,put,0
2027-06-17,400,call,4209
2027-06-17,400,put,0
2027-06-17,410,call,918
2027-06-17,410,put,0
2027-06-17,420,call,9555
2027-06-17,420,put,0
2027-06-17,430,call,563
2027-06-17,430,put,0
2027-06-17,440,call,886
2027-06-17,440,put,0
2027-06-17,450,call,1799
2027-06-17,450,put,0
2027-06-17,455,call,266
2027-06-17,455,put,0
2027-06-17,460,call,7437
2027-06-17,460,put,0
2027-06-17,470,call,6
2027-06-17,470,put,0
2027-06-17,480,call,979
2027-06-17,480,put,0
2027-09-17,5,call,0
2027-09-17,5,put,10
2027-09-17,10,call,0
2027-09-17,10,put,0
2027-09-17,15,call,0
2027-09-17,15,put,0
2027-09-17,20,call,2
2027-09-17,20,put,3
2027-09-17,25,call,0
2027-09-17,25,put,1
2027-09-17,30,call,0
2027-09-17,30,put,3
2027-09-17,35,call,0
2027-09-17,35,put,2
2027-09-17,40,call,0
2027-09-17,40,put,65
2027-09-17,45,call,0
2027-09-17,45,put,2
2027-09-17,50,call,1
2027-09-17,50,put,68
2027-09-17,55,call,270
2027-09-17,55,put,2834
2027-09-17,60,call,104
2027-09-17,60,put,365
2027-09-17,65,call,82
2027-09-17,65,put,256
2027-09-17,70,call,119
2027-09-17,70,put,612
2027-09-17,75,call,171
2027-09-17,75,put,171
2027-09-17,80,call,132
2027-09-17,80,put,434
2027-09-17,85,call,179
2027-09-17,85,put,405
2027-09-17,90,call,217
2027-09-17,90,put,805
2027-09-17,95,call,115
2027-09-17,95,put,871
2027-09-17,100,call,428
2027-09-17,100,put,2723
2027-09-17,105,call,176
2027-09-17,105,put,723
2027-09-17,110,call,586
2027-09-17,110,put,1293
2027-09-17,115,call,444
2027-09-17,115,put,1137
2027-09-17,120,call,512
2027-09-17,120,put,2675
2027-09-17,125,call,441
2027-09-17,125,put,3983
2027-09-17,130,call,641
2027-09-17,130,put,4325
2027-09-17,135,call,744
2027-09-17,135,put,2543
2027-09-17,140,call,1841
2027-09-17,140,put,6501
2027-09-17,145,call,510
2027-09-17,145,put,4825
2027-09-17,150,call,2180
2027-09-17,150,put,13785
2027-09-17,155,call,601
2027-09-17,155,put,2566
2027-09-17,160,call,1564
2027-09-17,160,put,5341
2027-09-17,165,call,525
2027-09-17,165,put,2161
2027-09-17,170,call,713
2027-09-17,170,put,6126
2027-09-17,175,call,897
2027-09-17,175,put,4774
2027-09-17,180,call,1188
2027-09-17,180,put,11607
2027-09-17,185,call,883
2027-09-17,185,put,4354
2027-09-17,190,call,1660
2027-09-17,190,put,7569
2027-09-17,195,call,1209
2027-09-17,195,put,3548
2027-09-17,200,call,3746
2027-09-17,200,put,10624
2027-09-17,205,call,2873
2027-09-17,205,put,4032
2027-09-17,210,call,3558
2027-09-17,210,put,3156
2027-09-17,215,call,2079
2027-09-17,215,put,3075
2027-09-17,220,call,4699
2027-09-17,220,put,3898
2027-09-17,225,call,9704
2027-09-17,225,put,4811
2027-09-17,230,call,7200
2027-09-17,230,put,5825
2027-09-17,235,call,4195
2027-09-17,235,put,4518
2027-09-17,240,call,4656
2027-09-17,240,put,1807
2027-09-17,245,call,1891
2027-09-17,245,put,3418
2027-09-17,250,call,5716
2027-09-17,250,put,1594
2027-09-17,255,call,1834
2027-09-17,255,put,679
2027-09-17,260,call,4264
2027-09-17,260,put,284
2027-09-17,265,call,1917
2027-09-17,265,put,129
2027-09-17,270,call,3309
2027-09-17,270,put,486
2027-09-17,275,call,2219
2027-09-17,275,put,221
2027-09-17,280,call,3559
2027-09-17,280,put,600
2027-09-17,285,call,2126
2027-09-17,285,put,131
2027-09-17,290,call,2372
2027-09-17,290,put,198
2027-09-17,295,call,1589
2027-09-17,295,put,956
2027-09-17,300,call,6766
2027-09-17,300,put,1056
2027-09-17,310,call,2908
2027-09-17,310,put,906
2027-09-17,320,call,2984
2027-09-17,320,put,2751
2027-09-17,330,call,1803
2027-09-17,330,put,1327
2027-09-17,340,call,2544
2027-09-17,340,put,44
2027-09-17,350,call,1812
2027-09-17,350,put,5
2027-09-17,360,call,644
2027-09-17,360,put,0
2027-09-17,370,call,6742
2027-09-17,370,put,0
2027-09-17,380,call,654
2027-09-17,380,put,0
2027-09-17,390,call,873
2027-09-17,390,put,0
2027-09-17,400,call,1735
2027-09-17,400,put,0
2027-09-17,410,call,310
2027-09-17,410,put,0
2027-09-17,420,call,910
2027-09-17,420,put,0
2027-09-17,430,call,254
2027-09-17,430,put,0
2027-09-17,440,call,302
2027-09-17,440,put,0
2027-09-17,450,call,1625
2027-09-17,450,put,0
2027-09-17,455,call,368
2027-09-17,455,put,0
2027-09-17,460,call,2027
2027-09-17,460,put,0
2027-09-17,470,call,4
2027-09-17,470,put,0
2027-09-17,480,call,98
2027-09-17,480,put,0
2027-12-17,5,call,15776
2027-12-17,5,put,30619
2027-12-17,10,call,323
2027-12-17,10,put,1510
2027-12-17,15,call,439
2027-12-17,15,put,24087
2027-12-17,20,call,1054
2027-12-17,20,put,2795
2027-12-17,25,call,705
2027-12-17,25,put,1307
2027-12-17,30,call,717
2027-12-17,30,put,1023
2027-12-17,35,call,1055
2027-12-17,35,put,2228
2027-12-17,40,call,801
2027-12-17,40,put,4764
2027-12-17,45,call,601
2027-12-17,45,put,5057
2027-12-17,50,call,1152
2027-12-17,50,put,10267
2027-12-17,55,call,1414
2027-12-17,55,put,4270
2027-12-17,60,call,1504
2027-12-17,60,put,17950
2027-12-17,65,call,815
2027-12-17,65,put,1142
2027-12-17,70,call,4047
2027-12-17,70,put,7970
2027-12-17,75,call,1742
2027-12-17,75,put,10843
2027-12-17,80,call,2065
2027-12-17,80,put,8916
2027-12-17,85,call,972
2027-12-17,85,put,9508
2027-12-17,90,call,3430
2027-12-17,90,put,25635
2027-12-17,95,call,4266
2027-12-17,95,put,4372
2027-12-17,100,call,15909
2027-12-17,100,put,23899
2027-12-17,105,call,7170
2027-12-17,105,put,2916
2027-12-17,110,call,9596
2027-12-17,110,put,12140
2027-12-17,115,call,3658
2027-12-17,115,put,6100
2027-12-17,120,call,7955
2027-12-17,120,put,18140
2027-12-17,125,call,3932
2027-12-17,125,put,9513
2027-12-17,130,call,7403
2027-12-17,130,put,5308
2027-12-17,135,call,4291
2027-12-17,135,put,4369
2027-12-17,140,call,5084
2027-12-17,140,put,16114
2027-12-17,145,call,4897
2027-12-17,145,put,1922
2027-12-17,150,call,13098
2027-12-17,150,put,16469
2027-12-17,155,call,9098
2027-12-17,155,put,4617
2027-12-17,160,call,4461
2027-12-17,160,put,5338
2027-12-17,165,call,1957
2027-12-17,165,put,3854
2027-12-17,170,call,4495
2027-12-17,170,put,9415
2027-12-17,175,call,5464
2027-12-17,175,put,9979
2027-12-17,180,call,7260
2027-12-17,180,put,4703
2027-12-17,185,call,4865
2027-12-17,185,put,3023
2027-12-17,190,call,6759
2027-12-17,190,put,6038
2027-12-17,195,call,4590
2027-12-17,195,put,3652
2027-12-17,200,call,37542
2027-12-17,200,put,8226
2027-12-17,205,call,899
2027-12-17,205,put,1687
2027-12-17,210,call,22478
2027-12-17,210,put,4272
2027-12-17,215,call,6384
2027-12-17,215,put,4097
2027-12-17,220,call,9252
2027-12-17,220,put,9812
2027-12-17,225,call,4729
2027-12-17,225,put,4431
2027-12-17,230,call,17496
2027-12-17,230,put,4091
2027-12-17,235,call,963
2027-12-17,235,put,1675
2027-12-17,240,call,10930
2027-12-17,240,put,7719
2027-12-17,245,call,475
2027-12-17,245,put,1638
2027-12-17,250,call,8823
2027-12-17,250,put,2723
2027-12-17,255,call,1534
2027-12-17,255,put,3006
2027-12-17,260,call,6606
2027-12-17,260,put,3121
2027-12-17,265,call,1855
2027-12-17,265,put,94
2027-12-17,270,call,9342
2027-12-17,270,put,1866
2027-12-17,275,call,1589
2027-12-17,275,put,86
2027-12-17,280,call,7551
2027-12-17,280,put,782
2027-12-17,285,call,2783
2027-12-17,285,put,41
2027-12-17,290,call,5889
2027-12-17,290,put,1020
2027-12-17,295,call,2078
2027-12-17,295,put,621
2027-12-17,300,call,15297
2027-12-17,300,put,1846
2027-12-17,310,call,4961
2027-12-17,310,put,3294
2027-12-17,320,call,5131
2027-12-17,320,put,3085
2027-12-17,330,call,5233
2027-12-17,330,put,2637
2027-12-17,340,call,4878
2027-12-17,340,put,3832
2027-12-17,350,call,12305
2027-12-17,350,put,560
2027-12-17,360,call,10045
2027-12-17,360,put,175
2027-12-17,380,call,1574
2027-12-17,380,put,0
2027-12-17,390,call,4492
2027-12-17,390,put,0
2027-12-17,400,call,7683
2027-12-17,400,put,1
2027-12-17,410,call,1122
2027-12-17,410,put,0
2027-12-17,420,call,4503
2027-12-17,420,put,0
2027-12-17,430,call,622
2027-12-17,430,put,0
2027-12-17,440,call,509
2027-12-17,440,put,0
2027-12-17,450,call,591
2027-12-17,450,put,0
2027-12-17,455,call,557
2027-12-17,455,put,0
2027-12-17,460,call,3779
2027-12-17,460,put,0
2027-12-17,470,call,0
2027-12-17,470,put,0
2027-12-17,480,call,86
2027-12-17,480,put,0
2028-01-21,5,call,1604
2028-01-21,5,put,7016
2028-01-21,10,call,291
2028-01-21,10,put,5968
2028-01-21,15,call,107
2028-01-21,15,put,1856
2028-01-21,20,call,3076
2028-01-21,20,put,2752
2028-01-21,25,call,790
2028-01-21,25,put,527
2028-01-21,30,call,482
2028-01-21,30,put,767
2028-01-21,35,call,498
2028-01-21,35,put,627
2028-01-21,40,call,269
2028-01-21,40,put,871
2028-01-21,45,call,132
2028-01-21,45,put,4115
2028-01-21,50,call,421
2028-01-21,50,put,7295
2028-01-21,55,call,334
2028-01-21,55,put,362
2028-01-21,60,call,284
2028-01-21,60,put,1782
2028-01-21,65,call,684
2028-01-21,65,put,374
2028-01-21,70,call,419
2028-01-21,70,put,1605
2028-01-21,75,call,366
2028-01-21,75,put,1588
2028-01-21,80,call,801
2028-01-21,80,put,8901
2028-01-21,85,call,387
2028-01-21,85,put,684
2028-01-21,90,call,1744
2028-01-21,90,put,2310
2028-01-21,95,call,201
2028-01-21,95,put,1716
2028-01-21,100,call,3114
2028-01-21,100,put,9307
2028-01-21,105,call,1026
2028-01-21,105,put,4514
2028-01-21,110,call,701
2028-01-21,110,put,7821
2028-01-21,115,call,926
2028-01-21,115,put,3502
2028-01-21,120,call,2012
2028-01-21,120,put,10288
2028-01-21,125,call,618
2028-01-21,125,put,11819
2028-01-21,130,call,2267
2028-01-21,130,put,11614
2028-01-21,135,call,826
2028-01-21,135,put,5195
2028-01-21,140,call,4012
2028-01-21,140,put,22495
2028-01-21,145,call,1559
2028-01-21,145,put,8636
2028-01-21,150,call,6082
2028-01-21,150,put,30236
2028-01-21,155,call,977
2028-01-21,155,put,5697
2028-01-21,160,call,2380
2028-01-21,160,put,6055
2028-01-21,165,call,1354
2028-01-21,165,put,9151
2028-01-21,170,call,4961
2028-01-21,170,put,5445
2028-01-21,175,call,8218
2028-01-21,175,put,8019
2028-01-21,180,call,14073
2028-01-21,180,put,21661
2028-01-21,185,call,9327
2028-01-21,185,put,8894
2028-01-21,190,call,8839
2028-01-21,190,put,13410
2028-01-21,195,call,6952
2028-01-21,195,put,4222
2028-01-21,200,call,28217
2028-01-21,200,put,29129
2028-01-21,205,call,1021
2028-01-21,205,put,7091
2028-01-21,210,call,9623
2028-01-21,210,put,6210
2028-01-21,215,call,1544
2028-01-21,215,put,6234
2028-01-21,220,call,10217
2028-01-21,220,put,7940
2028-01-21,225,call,5902
2028-01-21,225,put,2317
2028-01-21,230,call,15847
2028-01-21,230,put,7714
2028-01-21,235,call,1610
2028-01-21,235,put,3832
2028-01-21,240,call,10926
2028-01-21,240,put,1077
2028-01-21,245,call,2781
2028-01-21,245,put,3137
2028-01-21,250,call,36765
2028-01-21,250,put,5080
2028-01-21,255,call,1250
2028-01-21,255,put,566
2028-01-21,260,call,10033
2028-01-21,260,put,4142
2028-01-21,265,call,1614
2028-01-21,265,put,374
2028-01-21,270,call,9176
2028-01-21,270,put,628
2028-01-21,275,call,1633
2028-01-21,275,put,250
2028-01-21,280,call,9530
2028-01-21,280,put,1423
2028-01-21,285,call,1267
2028-01-21,285,put,491
2028-01-21,290,call,5214
2028-01-21,290,put,336
2028-01-21,295,call,3936
2028-01-21,295,put,210
2028-01-21,300,call,97847
2028-01-21,300,put,1463
2028-01-21,310,call,9691
2028-01-21,310,put,980
2028-01-21,320,call,6640
2028-01-21,320,put,797
2028-01-21,330,call,4652
2028-01-21,330,put,1446
2028-01-21,340,call,3593
2028-01-21,340,put,1030
2028-01-21,350,call,31079
2028-01-21,350,put,619
2028-01-21,360,call,8037
2028-01-21,360,put,118
2028-01-21,370,call,5526
2028-01-21,370,put,45
2028-01-21,380,call,9939
2028-01-21,380,put,7
2028-01-21,390,call,8217
2028-01-21,390,put,0
2028-01-21,400,call,51021
2028-01-21,400,put,0
2028-01-21,410,call,21598
2028-01-21,410,put,3
2028-01-21,420,call,21635
2028-01-21,420,put,0
2028-01-21,430,call,2082
2028-01-21,430,put,0
2028-01-21,440,call,3093
2028-01-21,440,put,0
2028-01-21,450,call,11037
2028-01-21,450,put,0
2028-01-21,455,call,359
2028-01-21,455,put,0
2028-01-21,460,call,25561
2028-01-21,460,put,0
2028-01-21,470,call,3
2028-01-21,470,put,0
2028-01-21,480,call,65
2028-01-21,480,put,0
2028-06-16,5,call,178
2028-06-16,5,put,1
2028-06-16,10,call,2
2028-06-16,10,put,115
2028-06-16,15,call,5
2028-06-16,15,put,261
2028-06-16,20,call,115
2028-06-16,20,put,408
2028-06-16,25,call,115
2028-06-16,25,put,8
2028-06-16,30,call,65
2028-06-16,30,put,14
2028-06-16,35,call,29
2028-06-16,35,put,20
2028-06-16,40,call,102
2028-06-16,40,put,745
2028-06-16,45,call,235
2028-06-16,45,put,298
2028-06-16,50,call,259
2028-06-16,50,put,221
2028-06-16,55,call,336
2028-06-16,55,put,723
2028-06-16,60,call,308
2028-06-16,60,put,258
2028-06-16,65,call,449
2028-06-16,65,put,30
2028-06-16,70,call,313
2028-06-16,70,put,860
2028-06-16,75,call,330
2028-06-16,75,put,1223
2028-06-16,80,call,595
2028-06-16,80,put,709
2028-06-16,85,call,301
2028-06-16,85,put,789
2028-06-16,90,call,570
2028-06-16,90,put,3141
2028-06-16,95,call,236
2028-06-16,95,put,915
2028-06-16,100,call,483
2028-06-16,100,put,2052
2028-06-16,105,call,219
2028-06-16,105,put,944
2028-06-16,110,call,621
2028-06-16,110,put,1493
2028-06-16,115,call,269
2028-06-16,115,put,320
2028-06-16,120,call,364
2028-06-16,120,put,4197
2028-06-16,125,call,604
2028-06-16,125,put,2355
2028-06-16,130,call,523
2028-06-16,130,put,3337
2028-06-16,135,call,579
2028-06-16,135,put,3242
2028-06-16,140,call,466
2028-06-16,140,put,964
2028-06-16,145,call,185
2028-06-16,145,put,1006
2028-06-16,150,call,494
2028-06-16,150,put,6647
2028-06-16,155,call,289
2028-06-16,155,put,6845
2028-06-16,160,call,437
2028-06-16,160,put,5720
2028-06-16,165,call,379
2028-06-16,165,put,1050
2028-06-16,170,call,780
2028-06-16,170,put,9238
2028-06-16,175,call,426
2028-06-16,175,put,1253
2028-06-16,180,call,523
2028-06-16,180,put,3039
2028-06-16,185,call,693
2028-06-16,185,put,1501
2028-06-16,190,call,667
2028-06-16,190,put,3735
2028-06-16,195,call,500
2028-06-16,195,put,2859
2028-06-16,200,call,1191
2028-06-16,200,put,6972
2028-06-16,205,call,633
2028-06-16,205,put,1276
2028-06-16,210,call,1343
2028-06-16,210,put,1650
2028-06-16,215,call,4359
2028-06-16,215,put,926
2028-06-16,220,call,4099
2028-06-16,220,put,6520
2028-06-16,225,call,1887
2028-06-16,225,put,880
2028-06-16,230,call,2707
2028-06-16,230,put,4408
2028-06-16,235,call,551
2028-06-16,235,put,2727
2028-06-16,240,call,1795
2028-06-16,240,put,1236
2028-06-16,245,call,1321
2028-06-16,245,put,58
2028-06-16,250,call,5389
2028-06-16,250,put,202
2028-06-16,255,call,1011
2028-06-16,255,put,329
2028-06-16,260,call,1582
2028-06-16,260,put,123
2028-06-16,265,call,2379
2028-06-16,265,put,350
2028-06-16,270,call,504
2028-06-16,270,put,900
2028-06-16,275,call,750
2028-06-16,275,put,855
2028-06-16,280,call,371
2028-06-16,280,put,2868
2028-06-16,285,call,445
2028-06-16,285,put,2029
2028-06-16,290,call,1080
2028-06-16,290,put,247
2028-06-16,295,call,412
2028-06-16,295,put,66
2028-06-16,300,call,6294
2028-06-16,300,put,253
2028-06-16,305,call,404
2028-06-16,305,put,87
2028-06-16,310,call,2331
2028-06-16,310,put,63
2028-06-16,315,call,195
2028-06-16,315,put,100
2028-06-16,320,call,499
2028-06-16,320,put,383
2028-06-16,325,call,573
2028-06-16,325,put,108
2028-06-16,330,call,2760
2028-06-16,330,put,256
2028-06-16,335,call,318
2028-06-16,335,put,398
2028-06-16,340,call,641
2028-06-16,340,put,269
2028-06-16,345,call,351
2028-06-16,345,put,31
2028-06-16,350,call,7674
2028-06-16,350,put,163
2028-06-16,360,call,850
2028-06-16,360,put,82
2028-06-16,370,call,508
2028-06-16,370,put,32
2028-06-16,380,call,1945
2028-06-16,380,put,17
2028-06-16,390,call,682
2028-06-16,390,put,1
2028-06-16,400,call,5998
2028-06-16,400,put,0
2028-06-16,410,call,644
2028-06-16,410,put,0
2028-06-16,420,call,396
2028-06-16,420,put,0
2028-06-16,430,call,2550
2028-06-16,430,put,0
2028-06-16,440,call,260
2028-06-16,440,put,0
2028-06-16,450,call,1543
2028-06-16,450,put,0
2028-06-16,460,call,5260
2028-06-16,460,put,0
2028-06-16,470,call,3
2028-06-16,470,put,0
2028-06-16,480,call,327
2028-06-16,480,put,0
2028-09-15,125,call,3
2028-09-15,125,put,4
2028-09-15,130,call,0
2028-09-15,130,put,0
2028-09-15,135,call,5
2028-09-15,135,put,0
2028-09-15,140,call,0
2028-09-15,140,put,0
2028-09-15,145,call,0
2028-09-15,145,put,0
2028-09-15,150,call,0
2028-09-15,150,put,0
2028-09-15,155,call,0
2028-09-15,155,put,0
2028-09-15,160,call,1
2028-09-15,160,put,1
2028-09-15,165,call,1
2028-09-15,165,put,21
2028-09-15,170,call,8
2028-09-15,170,put,7
2028-09-15,175,call,0
2028-09-15,175,put,6
2028-09-15,180,call,12
2028-09-15,180,put,0
2028-09-15,185,call,0
2028-09-15,185,put,5
2028-09-15,190,call,21
2028-09-15,190,put,2
2028-09-15,195,call,3
2028-09-15,195,put,1
2028-09-15,200,call,7
2028-09-15,200,put,9
2028-09-15,205,call,14
2028-09-15,205,put,3
2028-09-15,210,call,2
2028-09-15,210,put,1
2028-09-15,215,call,0
2028-09-15,215,put,0
2028-09-15,220,call,0
2028-09-15,220,put,1
2028-09-15,225,call,0
2028-09-15,225,put,2
2028-09-15,230,call,89
2028-09-15,230,put,0
2028-09-15,235,call,99
2028-09-15,235,put,0
2028-09-15,240,call,24
2028-09-15,240,put,0
2028-09-15,245,call,0
2028-09-15,245,put,0
2028-09-15,250,call,21
2028-09-15,250,put,20
2028-09-15,255,call,2
2028-09-15,255,put,1
2028-09-15,260,call,0
2028-09-15,260,put,0
2028-09-15,265,call,5
2028-09-15,265,put,0
2028-09-15,270,call,43
2028-09-15,270,put,0
2028-09-15,275,call,0
2028-09-15,275,put,0
2028-09-15,280,call,25
2028-09-15,280,put,0
2028-09-15,285,call,1
2028-09-15,285,put,0
2028-09-15,290,call,2
2028-09-15,290,put,0
2028-09-15,295,call,1
2028-09-15,295,put,0
2028-09-15,300,call,23
2028-09-15,300,put,0
2028-09-15,305,call,2
2028-09-15,305,put,0
2028-09-15,310,call,1
2028-09-15,310,put,0
2028-09-15,315,call,0
2028-09-15,315,put,0
2028-09-15,320,call,0
2028-09-15,320,put,0
2028-09-15,325,call,0
2028-09-15,325,put,0
2028-09-15,330,call,0
2028-09-15,330,put,0
2028-09-15,335,call,0
2028-09-15,335,put,0
2028-09-15,340,call,0
2028-09-15,340,put,1
2028-09-15,345,call,0
2028-09-15,345,put,0
2028-09-15,350,call,0
2028-09-15,350,put,1
2028-09-15,355,call,0
2028-09-15,355,put,0
2028-09-15,360,call,0
2028-09-15,360,put,0
2028-09-15,365,call,0
2028-09-15,365,put,0
2028-09-15,370,call,3
2028-09-15,370,put,1
2028-09-15,375,call,0
2028-09-15,375,put,0
2028-09-15,380,call,0
2028-09-15,380,put,0
2028-09-15,385,call,20
2028-09-15,385,put,0
2028-09-15,390,call,0
2028-09-15,390,put,0
2028-09-15,395,call,30
2028-09-15,395,put,0
2028-09-15,400,call,0
2028-09-15,400,put,0
2028-09-15,405,call,0
2028-09-15,405,put,0
2028-09-15,410,call,0
2028-09-15,410,put,0
2028-09-15,415,call,0
2028-09-15,415,put,0
2028-09-15,420,call,51
2028-09-15,420,put,0
2028-09-15,430,call,134
2028-09-15,430,put,0
2028-09-15,440,call,0
2028-09-15,440,put,15
2028-09-15,450,call,13
2028-09-15,450,put,0
2028-09-15,460,call,0
2028-09-15,460,put,0
2028-09-15,470,call,0
2028-09-15,470,put,0
2028-09-15,480,call,107
2028-09-15,480,put,0
2028-12-15,5,call,641
2028-12-15,5,put,5896
2028-12-15,10,call,110
2028-12-15,10,put,3367
2028-12-15,15,call,122
2028-12-15,15,put,4103
2028-12-15,20,call,1396
2028-12-15,20,put,2740
2028-12-15,25,call,724
2028-12-15,25,put,944
2028-12-15,30,call,773
2028-12-15,30,put,1619
2028-12-15,35,call,1042
2028-12-15,35,put,522
2028-12-15,40,call,468
2028-12-15,40,put,379
2028-12-15,45,call,1093
2028-12-15,45,put,197
2028-12-15,50,call,717
2028-12-15,50,put,3743
2028-12-15,55,call,963
2028-12-15,55,put,350
2028-12-15,60,call,1926
2028-12-15,60,put,423
2028-12-15,65,call,912
2028-12-15,65,put,405
2028-12-15,70,call,1232
2028-12-15,70,put,710
2028-12-15,75,call,1705
2028-12-15,75,put,1433
2028-12-15,80,call,1712
2028-12-15,80,put,1810
2028-12-15,85,call,695
2028-12-15,85,put,1022
2028-12-15,90,call,6020
2028-12-15,90,put,1513
2028-12-15,95,call,2473
2028-12-15,95,put,2149
2028-12-15,100,call,12513
2028-12-15,100,put,5841
2028-12-15,105,call,921
2028-12-15,105,put,2014
2028-12-15,110,call,994
2028-12-15,110,put,3441
2028-12-15,115,call,705
2028-12-15,115,put,5011
2028-12-15,120,call,6097
2028-12-15,120,put,10334
2028-12-15,125,call,604
2028-12-15,125,put,2119
2028-12-15,130,call,2964
2028-12-15,130,put,16480
2028-12-15,135,call,605
2028-12-15,135,put,2744
2028-12-15,140,call,5595
2028-12-15,140,put,4737
2028-12-15,145,call,1413
2028-12-15,145,put,3092
2028-12-15,150,call,3780
2028-12-15,150,put,20968
2028-12-15,155,call,1052
2028-12-15,155,put,4926
2028-12-15,160,call,2841
2028-12-15,160,put,4114
2028-12-15,165,call,1313
2028-12-15,165,put,5407
2028-12-15,170,call,4070
2028-12-15,170,put,12211
2028-12-15,175,call,2459
2028-12-15,175,put,4963
2028-12-15,180,call,5300
2028-12-15,180,put,14341
2028-12-15,185,call,6080
2028-12-15,185,put,7873
2028-12-15,190,call,5544
2028-12-15,190,put,5753
2028-12-15,195,call,2363
2028-12-15,195,put,5851
2028-12-15,200,call,28121
2028-12-15,200,put,11258
2028-12-15,205,call,3461
2028-12-15,205,put,2960
2028-12-15,210,call,7037
2028-12-15,210,put,4520
2028-12-15,215,call,2670
2028-12-15,215,put,1076
2028-12-15,220,call,14294
2028-12-15,220,put,5406
2028-12-15,225,call,8037
2028-12-15,225,put,1515
2028-12-15,230,call,7607
2028-12-15,230,put,4965
2028-12-15,235,call,3176
2028-12-15,235,put,857
2028-12-15,240,call,4596
2028-12-15,240,put,1611
2028-12-15,245,call,1674
2028-12-15,245,put,1771
2028-12-15,250,call,20287
2028-12-15,250,put,4285
2028-12-15,255,call,1660
2028-12-15,255,put,436
2028-12-15,260,call,4953
2028-12-15,260,put,2346
2028-12-15,265,call,930
2028-12-15,265,put,221
2028-12-15,270,call,3235
2028-12-15,270,put,1116
2028-12-15,275,call,2631
2028-12-15,275,put,459
2028-12-15,280,call,4785
2028-12-15,280,put,1564
2028-12-15,285,call,2027
2028-12-15,285,put,385
2028-12-15,290,call,6571
2028-12-15,290,put,1295
2028-12-15,295,call,861
2028-12-15,295,put,420
2028-12-15,300,call,19055
2028-12-15,300,put,6545
2028-12-15,310,call,3789
2028-12-15,310,put,1128
2028-12-15,320,call,2267
2028-12-15,320,put,956
2028-12-15,330,call,8873
2028-12-15,330,put,4087
2028-12-15,340,call,8852
2028-12-15,340,put,924
2028-12-15,350,call,7241
2028-12-15,350,put,6571
2028-12-15,360,call,3579
2028-12-15,360,put,7422
2028-12-15,370,call,5478
2028-12-15,370,put,1116
2028-12-15,380,call,17655
2028-12-15,380,put,1535
2028-12-15,390,call,456
2028-12-15,390,put,2557
2028-12-15,400,call,10377
2028-12-15,400,put,1689
2028-12-15,410,call,1018
2028-12-15,410,put,6
2028-12-15,420,call,9177
2028-12-15,420,put,1
2028-12-15,430,call,360
2028-12-15,430,put,0
2028-12-15,440,call,4205
2028-12-15,440,put,0
2028-12-15,450,call,8041
2028-12-15,450,put,0
2028-12-15,460,call,24086
2028-12-15,460,put,1
2029-01-19,5,call,339
2029-01-19,5,put,377
2029-01-19,10,call,2
2029-01-19,10,put,5
2029-01-19,15,call,0
2029-01-19,15,put,2
2029-01-19,20,call,16
2029-01-19,20,put,111
2029-01-19,25,call,155
2029-01-19,25,put,0
2029-01-19,30,call,3
2029-01-19,30,put,9
2029-01-19,35,call,0
2029-01-19,35,put,0
2029-01-19,40,call,70
2029-01-19,40,put,306
2029-01-19,45,call,15
2029-01-19,45,put,4
2029-01-19,50,call,15
2029-01-19,50,put,140
2029-01-19,55,call,40
2029-01-19,55,put,25
2029-01-19,60,call,37
2029-01-19,60,put,5
2029-01-19,65,call,53
2029-01-19,65,put,50
2029-01-19,70,call,50
2029-01-19,70,put,141
2029-01-19,75,call,67
2029-01-19,75,put,16
2029-01-19,80,call,48
2029-01-19,80,put,18
2029-01-19,85,call,66
2029-01-19,85,put,8
2029-01-19,90,call,44
2029-01-19,90,put,6
2029-01-19,95,call,58
2029-01-19,95,put,32
2029-01-19,100,call,135
2029-01-19,100,put,207
2029-01-19,105,call,114
2029-01-19,105,put,64
2029-01-19,110,call,47
2029-01-19,110,put,82
2029-01-19,115,call,588
2029-01-19,115,put,44
2029-01-19,120,call,120
2029-01-19,120,put,177
2029-01-19,125,call,937
2029-01-19,125,put,30
2029-01-19,130,call,410
2029-01-19,130,put,675
2029-01-19,135,call,54
2029-01-19,135,put,122
2029-01-19,140,call,155
2029-01-19,140,put,96
2029-01-19,145,call,94
2029-01-19,145,put,30
2029-01-19,150,call,254
2029-01-19,150,put,302
2029-01-19,155,call,50
2029-01-19,155,put,79
2029-01-19,160,call,180
2029-01-19,160,put,507
2029-01-19,165,call,57
2029-01-19,165,put,162
2029-01-19,170,call,97
2029-01-19,170,put,392
2029-01-19,175,call,296
2029-01-19,175,put,371
2029-01-19,180,call,347
2029-01-19,180,put,2033
2029-01-19,185,call,107
2029-01-19,185,put,1619
2029-01-19,190,call,150
2029-01-19,190,put,183
2029-01-19,195,call,116
2029-01-19,195,put,121
2029-01-19,200,call,10385
2029-01-19,200,put,992
2029-01-19,205,call,69
2029-01-19,205,put,79
2029-01-19,210,call,2398
2029-01-19,210,put,107
2029-01-19,215,call,462
2029-01-19,215,put,60
2029-01-19,220,call,638
2029-01-19,220,put,766
2029-01-19,225,call,714
2029-01-19,225,put,167
2029-01-19,230,call,730
2029-01-19,230,put,479
2029-01-19,235,call,245
2029-01-19,235,put,92
2029-01-19,240,call,679
2029-01-19,240,put,139
2029-01-19,245,call,250
2029-01-19,245,put,43
2029-01-19,250,call,670
2029-01-19,250,put,151
2029-01-19,255,call,226
2029-01-19,255,put,131
2029-01-19,260,call,492
2029-01-19,260,put,192
2029-01-19,265,call,155
2029-01-19,265,put,32
2029-01-19,270,call,816
2029-01-19,270,put,148
2029-01-19,275,call,175
2029-01-19,275,put,89
2029-01-19,280,call,669
2029-01-19,280,put,44
2029-01-19,285,call,53
2029-01-19,285,put,62
2029-01-19,290,call,343
2029-01-19,290,put,82
2029-01-19,295,call,32
2029-01-19,295,put,57
2029-01-19,300,call,2490
2029-01-19,300,put,113
2029-01-19,310,call,889
2029-01-19,310,put,44
2029-01-19,320,call,206
2029-01-19,320,put,7
2029-01-19,330,call,541
2029-01-19,330,put,13
2029-01-19,340,call,64
2029-01-19,340,put,67
2029-01-19,350,call,396
2029-01-19,350,put,249
2029-01-19,360,call,633
2029-01-19,360,put,2
2029-01-19,370,call,84
2029-01-19,370,put,18
2029-01-19,380,call,186
2029-01-19,380,put,52
2029-01-19,390,call,76
2029-01-19,390,put,95
2029-01-19,400,call,465
2029-01-19,400,put,6
2029-01-19,410,call,65
2029-01-19,410,put,51
2029-01-19,420,call,952
2029-01-19,420,put,0
2029-01-19,430,call,7
2029-01-19,430,put,0
2029-01-19,440,call,3
2029-01-19,440,put,0
2029-01-19,450,call,60
2029-01-19,450,put,0
2029-01-19,460,call,39
2029-01-19,460,put,0
2029-01-19,470,call,4
2029-01-19,470,put,0
2029-01-19,480,call,70
2029-01-19,480,put,0
