expiry,strike,side,oi
2026-10-07,115,call,0
2026-10-07,115,put,132
2026-10-07,120,call,0
2026-10-07,120,put,6
2026-10-07,125,call,0
2026-10-07,125,put,0
2026-10-07,130,call,0
2026-10-07,130,put,1
2026-10-07,135,call,0
2026-10-07,135,put,5
2026-10-07,140,call,0
2026-10-07,140,put,9
2026-10-07,145,call,0
2026-10-07,145,put,5020
2026-10-07,150,call,0
2026-10-07,150,put,3601
2026-10-07,155,call,0
2026-10-07,155,put,266
2026-10-07,160,call,0
2026-10-07,160,put,119
2026-10-07,165,call,0
2026-10-07,165,put,2109
2026-10-07,170,call,0
2026-10-07,170,put,772
2026-10-07,175,call,0
2026-10-07,175,put,762
2026-10-07,180,call,0
2026-10-07,180,put,1992
2026-10-07,185,call,0
2026-10-07,185,put,1886
2026-10-07,190,call,0
2026-10-07,190,put,1510
2026-10-07,195,call,0
2026-10-07,195,put,1897
2026-10-07,197.5,call,0
2026-10-07,197.5,put,1257
2026-10-07,200,call,0
2026-10-07,200,put,1942
2026-10-07,202.5,call,0
2026-10-07,202.5,put,6826
2026-10-07,205,call,0
2026-10-07,205,put,7019
2026-10-07,207.5,call,0
2026-10-07,207.5,put,5664
2026-10-07,210,call,0
2026-10-07,210,put,5208
2026-10-07,212.5,call,0
2026-10-07,212.5,put,6632
2026-10-07,215,call,0
2026-10-07,215,put,5451
2026-10-07,217.5,call,0
2026-10-07,217.5,put,4648
2026-10-07,220,call,0
2026-10-07,220,put,11018
2026-10-07,222.5,call,0
2026-10-07,222.5,put,10178
2026-10-07,225,call,0
2026-10-07,225,put,6326
2026-10-07,227.5,call,0
2026-10-07,227.5,put,7243
2026-10-07,230,call,0
2026-10-07,230,put,17456
2026-10-07,232.5,call,0
2026-10-07,232.5,put,7987
2026-10-07,235,call,0
2026-10-07,235,put,26767
2026-10-07,237.5,call,14559
2026-10-07,237.5,put,2915
2026-10-07,240,call,36892
2026-10-07,240,put,0
2026-10-07,242.5,call,36990
2026-10-07,242.5,put,0
2026-10-07,245,call,26445
2026-10-07,245,put,0
2026-10-07,247.5,call,25748
2026-10-07,247.5,put,0
2026-10-07,250,call,16577
2026-10-07,250,put,0
2026-10-07,252.5,call,11592
2026-10-07,252.5,put,0
2026-10-07,255,call,10064
2026-10-07,255,put,0
2026-10-07,257.5,call,1608
2026-10-07,257.5,put,0
2026-10-07,260,call,2162
2026-10-07,260,put,0
2026-10-07,265,call,698
2026-10-07,265,put,0
2026-10-07,270,call,317
2026-10-07,270,put,0
2026-10-07,275,call,41
2026-10-07,275,put,0
2026-10-07,280,call,383
2026-10-07,280,put,0
2026-10-07,285,call,2
2026-10-07,285,put,0
2026-10-07,290,call,4
2026-10-07,290,put,0
2026-10-07,295,call,24
2026-10-07,295,put,0
2026-10-09,50,call,14
2026-10-09,50,put,42
2026-10-09,55,call,16
2026-10-09,55,put,459
2026-10-09,60,call,4
2026-10-09,60,put,4502
2026-10-09,65,call,3
2026-10-09,65,put,15
2026-10-09,70,call,4
2026-10-09,70,put,0
2026-10-09,75,call,11
2026-10-09,75,put,2184
2026-10-09,80,call,11
2026-10-09,80,put,442
2026-10-09,85,call,16
2026-10-09,85,put,626
2026-10-09,90,call,12
2026-10-09,90,put,86
2026-10-09,95,call,23
2026-10-09,95,put,511
2026-10-09,100,call,14
2026-10-09,100,put,1750
2026-10-09,105,call,27
2026-10-09,105,put,13951
2026-10-09,110,call,16
2026-10-09,110,put,46136
2026-10-09,115,call,11
2026-10-09,115,put,28060
2026-10-09,120,call,19
2026-10-09,120,put,10569
2026-10-09,125,call,18
2026-10-09,125,put,1689
2026-10-09,130,call,11
2026-10-09,130,put,9973
2026-10-09,135,call,11
2026-10-09,135,put,2677
2026-10-09,140,call,32
2026-10-09,140,put,2362
2026-10-09,145,call,68
2026-10-09,145,put,2384
2026-10-09,150,call,82
2026-10-09,150,put,1653
2026-10-09,155,call,28
2026-10-09,155,put,1865
2026-10-09,160,call,18
2026-10-09,160,put,5336
2026-10-09,165,call,32
2026-10-09,165,put,4495
2026-10-09,170,call,70
2026-10-09,170,put,3837
2026-10-09,175,call,43
2026-10-09,175,put,6091
2026-10-09,180,call,97
2026-10-09,180,put,8846
2026-10-09,185,call,132
2026-10-09,185,put,8037
2026-10-09,190,call,193
2026-10-09,190,put,14823
2026-10-09,195,call,482
2026-10-09,195,put,8436
2026-10-09,197.5,call,68
2026-10-09,197.5,put,3478
2026-10-09,200,call,721
2026-10-09,200,put,21932
2026-10-09,202.5,call,1035
2026-10-09,202.5,put,9290
2026-10-09,205,call,966
2026-10-09,205,put,12738
2026-10-09,207.5,call,2273
2026-10-09,207.5,put,11979
2026-10-09,210,call,1318
2026-10-09,210,put,7896
2026-10-09,212.5,call,1007
2026-10-09,212.5,put,14191
2026-10-09,215,call,9563
2026-10-09,215,put,11779
2026-10-09,217.5,call,2631
2026-10-09,217.5,put,12235
2026-10-09,220,call,4688
2026-10-09,220,put,24586
2026-10-09,222.5,call,1603
2026-10-09,222.5,put,22966
2026-10-09,225,call,7724
2026-10-09,225,put,22690
2026-10-09,227.5,call,4431
2026-10-09,227.5,put,14120
2026-10-09,230,call,14757
2026-10-09,230,put,34418
2026-10-09,232.5,call,4189
2026-10-09,232.5,put,13158
2026-10-09,235,call,32009
2026-10-09,235,put,29586
2026-10-09,237.5,call,14219
2026-10-09,237.5,put,10002
2026-10-09,240,call,76662
2026-10-09,240,put,13491
2026-10-09,242.5,call,34001
2026-10-09,242.5,put,2919
2026-10-09,245,call,59653
2026-10-09,245,put,1307
2026-10-09,247.5,call,48771
2026-10-09,247.5,put,412
2026-10-09,250,call,28003
2026-10-09,250,put,401
2026-10-09,252.5,call,16319
2026-10-09,252.5,put,5
2026-10-09,255,call,17402
2026-10-09,255,put,2
2026-10-09,257.5,call,4962
2026-10-09,257.5,put,1
2026-10-09,260,call,13648
2026-10-09,260,put,3
2026-10-09,262.5,call,1332
2026-10-09,262.5,put,0
2026-10-09,265,call,10042
2026-10-09,265,put,0
2026-10-09,270,call,3097
2026-10-09,270,put,0
2026-10-09,275,call,1698
2026-10-09,275,put,0
2026-10-09,280,call,2241
2026-10-09,280,put,0
2026-10-09,285,call,1235
2026-10-09,285,put,0
2026-10-09,290,call,638
2026-10-09,290,put,0
2026-10-09,295,call,527
2026-10-09,295,put,0
2026-10-09,300,call,320
2026-10-09,300,put,0
2026-10-09,305,call,307
2026-10-09,305,put,0
2026-10-09,310,call,454
2026-10-09,310,put,0
2026-10-09,315,call,185
2026-10-09,315,put,0
2026-10-09,320,call,30
2026-10-09,320,put,0
2026-10-09,325,call,1050
2026-10-09,325,put,0
2026-10-09,330,call,9
2026-10-09,330,put,0
2026-10-09,335,call,64
2026-10-09,335,put,0
2026-10-09,340,call,2
2026-10-09,340,put,0
2026-10-09,345,call,1
2026-10-09,345,put,0
2026-10-09,350,call,161
2026-10-09,350,put,0
2026-10-09,360,call,10
2026-10-09,360,put,0
2026-10-09,370,call,0
2026-10-09,370,put,0
2026-10-09,380,call,0
2026-10-09,380,put,0
2026-10-09,390,call,4
2026-10-09,390,put,0
2026-10-09,400,call,0
2026-10-09,400,put,0
2026-10-09,410,call,0
2026-10-09,410,put,0
2026-10-09,420,call,0
2026-10-09,420,put,0
2026-10-09,430,call,0
2026-10-09,430,put,0
2026-10-09,440,call,0
2026-10-09,440,put,0
2026-10-09,450,call,0
2026-10-09,450,put,0
2026-10-09,460,call,0
2026-10-09,460,put,0
2026-10-09,470,call,0
2026-10-09,470,put,0
2026-10-09,480,call,0
2026-10-09,480,put,0
2026-10-12,115,call,8
2026-10-12,115,put,254
2026-10-12,120,call,3
2026-10-12,120,put,187
2026-10-12,125,call,2
2026-10-12,125,put,0
2026-10-12,130,call,7
2026-10-12,130,put,0
2026-10-12,135,call,1
2026-10-12,135,put,0
2026-10-12,140,call,0
2026-10-12,140,put,0
2026-10-12,145,call,1
2026-10-12,145,put,14
2026-10-12,150,call,4
2026-10-12,150,put,58
2026-10-12,155,call,1
2026-10-12,155,put,56
2026-10-12,160,call,3
2026-10-12,160,put,30
2026-10-12,165,call,0
2026-10-12,165,put,41
2026-10-12,170,call,9
2026-10-12,170,put,22
2026-10-12,175,call,3
2026-10-12,175,put,17
2026-10-12,180,call,41
2026-10-12,180,put,66
2026-10-12,185,call,27
2026-10-12,185,put,262
2026-10-12,190,call,22
2026-10-12,190,put,47
2026-10-12,195,call,22
2026-10-12,195,put,397
2026-10-12,197.5,call,37
2026-10-12,197.5,put,67
2026-10-12,200,call,92
2026-10-12,200,put,1449
2026-10-12,202.5,call,9
2026-10-12,202.5,put,223
2026-10-12,205,call,25
2026-10-12,205,put,337
2026-10-12,207.5,call,30
2026-10-12,207.5,put,951
2026-10-12,210,call,69
2026-10-12,210,put,1357
2026-10-12,212.5,call,82
2026-10-12,212.5,put,730
2026-10-12,215,call,86
2026-10-12,215,put,1862
2026-10-12,217.5,call,110
2026-10-12,217.5,put,431
2026-10-12,220,call,464
2026-10-12,220,put,2858
2026-10-12,222.5,call,184
2026-10-12,222.5,put,1709
2026-10-12,225,call,435
2026-10-12,225,put,2867
2026-10-12,227.5,call,264
2026-10-12,227.5,put,1572
2026-10-12,230,call,1661
2026-10-12,230,put,2610
2026-10-12,232.5,call,914
2026-10-12,232.5,put,2846
2026-10-12,235,call,1788
2026-10-12,235,put,2357
2026-10-12,237.5,call,3974
2026-10-12,237.5,put,3348
2026-10-12,240,call,7043
2026-10-12,240,put,2737
2026-10-12,242.5,call,2884
2026-10-12,242.5,put,464
2026-10-12,245,call,3629
2026-10-12,245,put,281
2026-10-12,247.5,call,2317
2026-10-12,247.5,put,233
2026-10-12,250,call,4258
2026-10-12,250,put,364
2026-10-12,252.5,call,1529
2026-10-12,252.5,put,163
2026-10-12,255,call,1671
2026-10-12,255,put,0
2026-10-12,257.5,call,1892
2026-10-12,257.5,put,0
2026-10-12,260,call,1840
2026-10-12,260,put,0
2026-10-12,262.5,call,29
2026-10-12,262.5,put,0
2026-10-12,265,call,643
2026-10-12,265,put,0
2026-10-12,270,call,338
2026-10-12,270,put,0
2026-10-12,275,call,123
2026-10-12,275,put,0
2026-10-12,280,call,224
2026-10-12,280,put,0
2026-10-12,285,call,11
2026-10-12,285,put,0
2026-10-12,290,call,1
2026-10-12,290,put,1
2026-10-12,295,call,45
2026-10-12,295,put,0
2026-10-12,300,call,4
2026-10-12,300,put,0
2026-10-14,115,call,0
2026-10-14,115,put,48
2026-10-14,120,call,0
2026-10-14,120,put,0
2026-10-14,125,call,0
2026-10-14,125,put,0
2026-10-14,130,call,0
2026-10-14,130,put,70
2026-10-14,135,call,0
2026-10-14,135,put,52
2026-10-14,140,call,0
2026-10-14,140,put,0
2026-10-14,145,call,0
2026-10-14,145,put,16
2026-10-14,150,call,0
2026-10-14,150,put,10
2026-10-14,155,call,0
2026-10-14,155,put,1
2026-10-14,160,call,0
2026-10-14,160,put,7
2026-10-14,165,call,0
2026-10-14,165,put,16
2026-10-14,170,call,1
2026-10-14,170,put,222
2026-10-14,175,call,0
2026-10-14,175,put,7
2026-10-14,180,call,4
2026-10-14,180,put,25
2026-10-14,185,call,3
2026-10-14,185,put,55
2026-10-14,190,call,0
2026-10-14,190,put,535
2026-10-14,195,call,0
2026-10-14,195,put,150
2026-10-14,197.5,call,5
2026-10-14,197.5,put,275
2026-10-14,200,call,4
2026-10-14,200,put,90
2026-10-14,202.5,call,0
2026-10-14,202.5,put,14
2026-10-14,205,call,12
2026-10-14,205,put,165
2026-10-14,207.5,call,7
2026-10-14,207.5,put,75
2026-10-14,210,call,6
2026-10-14,210,put,392
2026-10-14,212.5,call,6
2026-10-14,212.5,put,37
2026-10-14,215,call,18
2026-10-14,215,put,700
2026-10-14,217.5,call,68
2026-10-14,217.5,put,270
2026-10-14,220,call,150
2026-10-14,220,put,584
2026-10-14,222.5,call,226
2026-10-14,222.5,put,416
2026-10-14,225,call,133
2026-10-14,225,put,867
2026-10-14,227.5,call,240
2026-10-14,227.5,put,573
2026-10-14,230,call,865
2026-10-14,230,put,1083
2026-10-14,232.5,call,308
2026-10-14,232.5,put,522
2026-10-14,235,call,630
2026-10-14,235,put,913
2026-10-14,237.5,call,1800
2026-10-14,237.5,put,1413
2026-10-14,240,call,2254
2026-10-14,240,put,417
2026-10-14,242.5,call,994
2026-10-14,242.5,put,303
2026-10-14,245,call,1616
2026-10-14,245,put,93
2026-10-14,247.5,call,656
2026-10-14,247.5,put,104
2026-10-14,250,call,2807
2026-10-14,250,put,30
2026-10-14,252.5,call,411
2026-10-14,252.5,put,13
2026-10-14,255,call,1734
2026-10-14,255,put,3
2026-10-14,257.5,call,116
2026-10-14,257.5,put,0
2026-10-14,260,call,2480
2026-10-14,260,put,0
2026-10-14,262.5,call,1
2026-10-14,262.5,put,0
2026-10-14,265,call,143
2026-10-14,265,put,0
2026-10-14,270,call,1119
2026-10-14,270,put,1
2026-10-14,275,call,57
2026-10-14,275,put,0
2026-10-14,280,call,8
2026-10-14,280,put,0
2026-10-14,285,call,80
2026-10-14,285,put,0
2026-10-14,290,call,4
2026-10-14,290,put,0
2026-10-14,295,call,0
2026-10-14,295,put,0
2026-10-14,300,call,0
2026-10-14,300,put,0
2026-10-14,305,call,0
2026-10-14,305,put,0
2026-10-16,2.5,call,0
2026-10-16,2.5,put,0
2026-10-16,5,call,1
2026-10-16,5,put,4024
2026-10-16,7.5,call,0
2026-10-16,7.5,put,0
2026-10-16,10,call,6
2026-10-16,10,put,10
2026-10-16,12.5,call,0
2026-10-16,12.5,put,0
2026-10-16,15,call,3
2026-10-16,15,put,2
2026-10-16,17.5,call,0
2026-10-16,17.5,put,0
2026-10-16,20,call,0
2026-10-16,20,put,502
2026-10-16,22.5,call,0
2026-10-16,22.5,put,0
2026-10-16,25,call,0
2026-10-16,25,put,30
2026-10-16,30,call,7
2026-10-16,30,put,1
2026-10-16,35,call,0
2026-10-16,35,put,40
2026-10-16,40,call,2
2026-10-16,40,put,269
2026-10-16,45,call,24
2026-10-16,45,put,82
2026-10-16,50,call,23
2026-10-16,50,put,1487
2026-10-16,55,call,3
2026-10-16,55,put,7234
2026-10-16,60,call,6
2026-10-16,60,put,1746
2026-10-16,65,call,24
2026-10-16,65,put,8057
2026-10-16,70,call,12
2026-10-16,70,put,8943
2026-10-16,75,call,21
2026-10-16,75,put,363
2026-10-16,80,call,235
2026-10-16,80,put,738
2026-10-16,85,call,23
2026-10-16,85,put,1834
2026-10-16,90,call,144
2026-10-16,90,put,2235
2026-10-16,95,call,51
2026-10-16,95,put,2267
2026-10-16,100,call,140
2026-10-16,100,put,10450
2026-10-16,105,call,77
2026-10-16,105,put,5907
2026-10-16,110,call,236
2026-10-16,110,put,8957
2026-10-16,115,call,75
2026-10-16,115,put,14642
2026-10-16,120,call,210
2026-10-16,120,put,21090
2026-10-16,125,call,279
2026-10-16,125,put,11135
2026-10-16,130,call,293
2026-10-16,130,put,8463
2026-10-16,135,call,244
2026-10-16,135,put,11284
2026-10-16,140,call,511
2026-10-16,140,put,26632
2026-10-16,145,call,1559
2026-10-16,145,put,11786
2026-10-16,150,call,1104
2026-10-16,150,put,27672
2026-10-16,155,call,4659
2026-10-16,155,put,13056
2026-10-16,160,call,4248
2026-10-16,160,put,18903
2026-10-16,165,call,584
2026-10-16,165,put,25422
2026-10-16,170,call,1596
2026-10-16,170,put,31756
2026-10-16,175,call,2378
2026-10-16,175,put,19916
2026-10-16,180,call,93783
2026-10-16,180,put,33847
2026-10-16,185,call,2204
2026-10-16,185,put,23115
2026-10-16,190,call,3256
2026-10-16,190,put,22438
2026-10-16,195,call,6892
2026-10-16,195,put,32605
2026-10-16,197.5,call,25
2026-10-16,197.5,put,1374
2026-10-16,200,call,8368
2026-10-16,200,put,34293
2026-10-16,202.5,call,44
2026-10-16,202.5,put,3691
2026-10-16,205,call,8736
2026-10-16,205,put,27375
2026-10-16,207.5,call,241
2026-10-16,207.5,put,3163
2026-10-16,210,call,15878
2026-10-16,210,put,23711
2026-10-16,212.5,call,556
2026-10-16,212.5,put,7891
2026-10-16,215,call,23599
2026-10-16,215,put,16355
2026-10-16,217.5,call,1108
2026-10-16,217.5,put,3738
2026-10-16,220,call,99705
2026-10-16,220,put,52780
2026-10-16,222.5,call,1901
2026-10-16,222.5,put,2567
2026-10-16,225,call,26276
2026-10-16,225,put,19248
2026-10-16,227.5,call,3622
2026-10-16,227.5,put,5573
2026-10-16,230,call,53834
2026-10-16,230,put,19194
2026-10-16,232.5,call,9124
2026-10-16,232.5,put,2667
2026-10-16,235,call,43217
2026-10-16,235,put,11017
2026-10-16,237.5,call,6193
2026-10-16,237.5,put,4697
2026-10-16,240,call,63100
2026-10-16,240,put,7157
2026-10-16,242.5,call,7390
2026-10-16,242.5,put,5212
2026-10-16,245,call,42468
2026-10-16,245,put,3035
2026-10-16,247.5,call,6979
2026-10-16,247.5,put,329
2026-10-16,250,call,76212
2026-10-16,250,put,2984
2026-10-16,252.5,call,2563
2026-10-16,252.5,put,67
2026-10-16,255,call,24709
2026-10-16,255,put,1024
2026-10-16,257.5,call,1852
2026-10-16,257.5,put,28
2026-10-16,260,call,78052
2026-10-16,260,put,7
2026-10-16,262.5,call,999
2026-10-16,262.5,put,0
2026-10-16,265,call,12558
2026-10-16,265,put,4
2026-10-16,270,call,19549
2026-10-16,270,put,0
2026-10-16,275,call,12178
2026-10-16,275,put,1
2026-10-16,280,call,15779
2026-10-16,280,put,0
2026-10-16,285,call,5296
2026-10-16,285,put,0
2026-10-16,290,call,12061
2026-10-16,290,put,0
2026-10-16,295,call,6665
2026-10-16,295,put,0
2026-10-16,300,call,15996
2026-10-16,300,put,1
2026-10-16,305,call,2458
2026-10-16,305,put,0
2026-10-16,310,call,4412
2026-10-16,310,put,0
2026-10-16,315,call,1079
2026-10-16,315,put,0
2026-10-16,320,call,2175
2026-10-16,320,put,0
2026-10-16,325,call,420
2026-10-16,325,put,0
2026-10-16,330,call,2184
2026-10-16,330,put,0
2026-10-16,335,call,1081
2026-10-16,335,put,0
2026-10-16,340,call,2487
2026-10-16,340,put,0
2026-10-16,345,call,838
2026-10-16,345,put,0
2026-10-16,350,call,12515
2026-10-16,350,put,0
2026-10-16,355,call,517
2026-10-16,355,put,0
2026-10-16,360,call,4986
2026-10-16,360,put,0
2026-10-16,365,call,1868
2026-10-16,365,put,0
2026-10-16,370,call,2653
2026-10-16,370,put,0
2026-10-16,375,call,1153
2026-10-16,375,put,0
2026-10-16,380,call,2369
2026-10-16,380,put,0
2026-10-16,385,call,804
2026-10-16,385,put,0
2026-10-16,390,call,1838
2026-10-16,390,put,0
2026-10-16,395,call,626
2026-10-16,395,put,0
2026-10-16,400,call,8331
2026-10-16,400,put,1
2026-10-16,405,call,870
2026-10-16,405,put,0
2026-10-16,410,call,1586
2026-10-16,410,put,0
2026-10-16,415,call,445
2026-10-16,415,put,0
2026-10-16,420,call,930
2026-10-16,420,put,0
2026-10-16,425,call,40
2026-10-16,425,put,0
2026-10-16,430,call,335
2026-10-16,430,put,0
2026-10-16,435,call,534
2026-10-16,435,put,0
2026-10-16,440,call,775
2026-10-16,440,put,0
2026-10-16,450,call,859
2026-10-16,450,put,0
2026-10-16,455,call,752
2026-10-16,455,put,0
2026-10-16,460,call,17126
2026-10-16,460,put,0
2026-10-16,470,call,0
2026-10-16,470,put,0
2026-10-16,480,call,0
2026-10-16,480,put,0
2026-10-19,120,call,0
2026-10-19,120,put,0
2026-10-19,125,call,0
2026-10-19,125,put,0
2026-10-19,130,call,0
2026-10-19,130,put,0
2026-10-19,135,call,0
2026-10-19,135,put,0
2026-10-19,140,call,0
2026-10-19,140,put,0
2026-10-19,145,call,0
2026-10-19,145,put,0
2026-10-19,150,call,0
2026-10-19,150,put,0
2026-10-19,155,call,0
2026-10-19,155,put,0
2026-10-19,160,call,1
2026-10-19,160,put,5
2026-10-19,165,call,0
2026-10-19,165,put,0
2026-10-19,170,call,0
2026-10-19,170,put,1
2026-10-19,175,call,0
2026-10-19,175,put,3
2026-10-19,180,call,0
2026-10-19,180,put,14
2026-10-19,185,call,0
2026-10-19,185,put,12
2026-10-19,190,call,0
2026-10-19,190,put,51
2026-10-19,195,call,0
2026-10-19,195,put,12
2026-10-19,197.5,call,0
2026-10-19,197.5,put,0
2026-10-19,200,call,7
2026-10-19,200,put,40
2026-10-19,202.5,call,0
2026-10-19,202.5,put,0
2026-10-19,205,call,0
2026-10-19,205,put,3
2026-10-19,207.5,call,10
2026-10-19,207.5,put,3
2026-10-19,210,call,1
2026-10-19,210,put,38
2026-10-19,212.5,call,0
2026-10-19,212.5,put,48
2026-10-19,215,call,12
2026-10-19,215,put,514
2026-10-19,217.5,call,12
2026-10-19,217.5,put,87
2026-10-19,220,call,4
2026-10-19,220,put,390
2026-10-19,222.5,call,13
2026-10-19,222.5,put,58
2026-10-19,225,call,6
2026-10-19,225,put,245
2026-10-19,227.5,call,10
2026-10-19,227.5,put,49
2026-10-19,230,call,311
2026-10-19,230,put,293
2026-10-19,232.5,call,16
2026-10-19,232.5,put,100
2026-10-19,235,call,220
2026-10-19,235,put,497
2026-10-19,237.5,call,254
2026-10-19,237.5,put,144
2026-10-19,240,call,745
2026-10-19,240,put,278
2026-10-19,242.5,call,277
2026-10-19,242.5,put,48
2026-10-19,245,call,572
2026-10-19,245,put,45
2026-10-19,247.5,call,84
2026-10-19,247.5,put,1
2026-10-19,250,call,502
2026-10-19,250,put,3
2026-10-19,252.5,call,64
2026-10-19,252.5,put,0
2026-10-19,255,call,224
2026-10-19,255,put,0
2026-10-19,257.5,call,84
2026-10-19,257.5,put,0
2026-10-19,260,call,311
2026-10-19,260,put,0
2026-10-19,262.5,call,0
2026-10-19,262.5,put,0
2026-10-19,265,call,81
2026-10-19,265,put,0
2026-10-19,270,call,511
2026-10-19,270,put,1
2026-10-19,275,call,76
2026-10-19,275,put,0
2026-10-19,280,call,82
2026-10-19,280,put,0
2026-10-19,285,call,5
2026-10-19,285,put,0
2026-10-19,290,call,2
2026-10-19,290,put,0
2026-10-19,295,call,0
2026-10-19,295,put,0
2026-10-19,300,call,10
2026-10-19,300,put,0
2026-10-19,305,call,0
2026-10-19,305,put,0
2026-10-21,165,call,0
2026-10-21,165,put,5
2026-10-21,170,call,0
2026-10-21,170,put,1
2026-10-21,175,call,0
2026-10-21,175,put,2
2026-10-21,180,call,0
2026-10-21,180,put,1
2026-10-21,185,call,0
2026-10-21,185,put,12
2026-10-21,190,call,0
2026-10-21,190,put,11
2026-10-21,195,call,0
2026-10-21,195,put,12
2026-10-21,200,call,0
2026-10-21,200,put,10
2026-10-21,205,call,0
2026-10-21,205,put,9
2026-10-21,210,call,7
2026-10-21,210,put,37
2026-10-21,212.5,call,2
2026-10-21,212.5,put,4
2026-10-21,215,call,1
2026-10-21,215,put,43
2026-10-21,217.5,call,0
2026-10-21,217.5,put,1
2026-10-21,220,call,4
2026-10-21,220,put,31
2026-10-21,222.5,call,0
2026-10-21,222.5,put,3
2026-10-21,225,call,10
2026-10-21,225,put,58
2026-10-21,227.5,call,2
2026-10-21,227.5,put,5
2026-10-21,230,call,37
2026-10-21,230,put,156
2026-10-21,232.5,call,5
2026-10-21,232.5,put,27
2026-10-21,235,call,47
2026-10-21,235,put,108
2026-10-21,237.5,call,54
2026-10-21,237.5,put,77
2026-10-21,240,call,407
2026-10-21,240,put,126
2026-10-21,242.5,call,66
2026-10-21,242.5,put,1
2026-10-21,245,call,248
2026-10-21,245,put,11
2026-10-21,247.5,call,25
2026-10-21,247.5,put,0
2026-10-21,250,call,201
2026-10-21,250,put,2
2026-10-21,252.5,call,2
2026-10-21,252.5,put,0
2026-10-21,255,call,249
2026-10-21,255,put,1
2026-10-21,257.5,call,4
2026-10-21,257.5,put,0
2026-10-21,260,call,151
2026-10-21,260,put,1
2026-10-21,262.5,call,0
2026-10-21,262.5,put,0
2026-10-21,265,call,13
2026-10-21,265,put,0
2026-10-21,267.5,call,0
2026-10-21,267.5,put,0
2026-10-21,270,call,52
2026-10-21,270,put,0
2026-10-21,275,call,4
2026-10-21,275,put,0
2026-10-21,280,call,23
2026-10-21,280,put,0
2026-10-21,285,call,57
2026-10-21,285,put,0
2026-10-21,290,call,5
2026-10-21,290,put,0
2026-10-21,295,call,1
2026-10-21,295,put,0
2026-10-21,300,call,0
2026-10-21,300,put,0
2026-10-21,305,call,1
2026-10-21,305,put,0
2026-10-23,50,call,0
2026-10-23,50,put,17
2026-10-23,55,call,0
2026-10-23,55,put,0
2026-10-23,60,call,0
2026-10-23,60,put,0
2026-10-23,65,call,0
2026-10-23,65,put,0
2026-10-23,70,call,0
2026-10-23,70,put,0
2026-10-23,75,call,2
2026-10-23,75,put,24
2026-10-23,80,call,0
2026-10-23,80,put,1069
2026-10-23,85,call,2
2026-10-23,85,put,157
2026-10-23,90,call,5
2026-10-23,90,put,43
2026-10-23,95,call,0
2026-10-23,95,put,101
2026-10-23,100,call,11
2026-10-23,100,put,54
2026-10-23,105,call,2
2026-10-23,105,put,785
2026-10-23,110,call,8
2026-10-23,110,put,236
2026-10-23,115,call,1
2026-10-23,115,put,5327
2026-10-23,120,call,89
2026-10-23,120,put,6699
2026-10-23,125,call,0
2026-10-23,125,put,1572
2026-10-23,130,call,9
2026-10-23,130,put,461
2026-10-23,135,call,6
2026-10-23,135,put,145
2026-10-23,140,call,26
2026-10-23,140,put,1438
2026-10-23,145,call,1
2026-10-23,145,put,60
2026-10-23,150,call,46
2026-10-23,150,put,845
2026-10-23,155,call,8
2026-10-23,155,put,320
2026-10-23,160,call,12
2026-10-23,160,put,307
2026-10-23,165,call,12
2026-10-23,165,put,960
2026-10-23,170,call,20
2026-10-23,170,put,1030
2026-10-23,175,call,62
2026-10-23,175,put,581
2026-10-23,180,call,110
2026-10-23,180,put,1506
2026-10-23,185,call,24
2026-10-23,185,put,2489
2026-10-23,190,call,222
2026-10-23,190,put,3083
2026-10-23,195,call,146
2026-10-23,195,put,2195
2026-10-23,200,call,202
2026-10-23,200,put,5102
2026-10-23,205,call,327
2026-10-23,205,put,8054
2026-10-23,210,call,1387
2026-10-23,210,put,6660
2026-10-23,212.5,call,3
2026-10-23,212.5,put,915
2026-10-23,215,call,1614
2026-10-23,215,put,4791
2026-10-23,217.5,call,8
2026-10-23,217.5,put,530
2026-10-23,220,call,2588
2026-10-23,220,put,4582
2026-10-23,222.5,call,148
2026-10-23,222.5,put,337
2026-10-23,225,call,4739
2026-10-23,225,put,6852
2026-10-23,227.5,call,131
2026-10-23,227.5,put,527
2026-10-23,230,call,4768
2026-10-23,230,put,2685
2026-10-23,232.5,call,111
2026-10-23,232.5,put,484
2026-10-23,235,call,11352
2026-10-23,235,put,4229
2026-10-23,237.5,call,1507
2026-10-23,237.5,put,1139
2026-10-23,240,call,53579
2026-10-23,240,put,2957
2026-10-23,242.5,call,1074
2026-10-23,242.5,put,311
2026-10-23,245,call,13181
2026-10-23,245,put,223
2026-10-23,247.5,call,522
2026-10-23,247.5,put,20
2026-10-23,250,call,9729
2026-10-23,250,put,1158
2026-10-23,252.5,call,979
2026-10-23,252.5,put,36
2026-10-23,255,call,5660
2026-10-23,255,put,122
2026-10-23,257.5,call,1046
2026-10-23,257.5,put,3
2026-10-23,260,call,7079
2026-10-23,260,put,20
2026-10-23,265,call,1476
2026-10-23,265,put,2
2026-10-23,270,call,1695
2026-10-23,270,put,0
2026-10-23,275,call,2382
2026-10-23,275,put,0
2026-10-23,280,call,632
2026-10-23,280,put,10
2026-10-23,285,call,353
2026-10-23,285,put,0
2026-10-23,290,call,337
2026-10-23,290,put,0
2026-10-23,295,call,560
2026-10-23,295,put,0
2026-10-23,300,call,483
2026-10-23,300,put,0
2026-10-23,305,call,215
2026-10-23,305,put,0
2026-10-23,310,call,1082
2026-10-23,310,put,0
2026-10-23,315,call,73
2026-10-23,315,put,0
2026-10-23,320,call,258
2026-10-23,320,put,0
2026-10-23,325,call,242
2026-10-23,325,put,0
2026-10-23,330,call,25
2026-10-23,330,put,0
2026-10-23,335,call,32
2026-10-23,335,put,0
2026-10-23,340,call,125
2026-10-23,340,put,0
2026-10-23,345,call,56
2026-10-23,345,put,0
2026-10-23,350,call,12
2026-10-23,350,put,0
2026-10-23,360,call,53
2026-10-23,360,put,0
2026-10-23,370,call,38
2026-10-23,370,put,0
2026-10-23,380,call,0
2026-10-23,380,put,0
2026-10-23,390,call,6
2026-10-23,390,put,0
2026-10-23,400,call,0
2026-10-23,400,put,0
2026-10-23,410,call,0
2026-10-23,410,put,0
2026-10-23,420,call,0
2026-10-23,420,put,0
2026-10-23,430,call,0
2026-10-23,430,put,0
2026-10-23,440,call,0
2026-10-23,440,put,0
2026-10-23,450,call,0
2026-10-23,450,put,0
2026-10-23,460,call,0
2026-10-23,460,put,0
2026-10-23,470,call,0
2026-10-23,470,put,0
2026-10-23,480,call,0
2026-10-23,480,put,0
2026-10-30,50,call,0
2026-10-30,50,put,6
2026-10-30,55,call,0
2026-10-30,55,put,0
2026-10-30,60,call,1
2026-10-30,60,put,0
2026-10-30,65,call,0
2026-10-30,65,put,10
2026-10-30,70,call,10
2026-10-30,70,put,4
2026-10-30,75,call,1
2026-10-30,75,put,0
2026-10-30,80,call,0
2026-10-30,80,put,3
2026-10-30,85,call,4
2026-10-30,85,put,21
2026-10-30,90,call,5
2026-10-30,90,put,2
2026-10-30,95,call,2
2026-10-30,95,put,13
2026-10-30,100,call,102
2026-10-30,100,put,71
2026-10-30,105,call,2
2026-10-30,105,put,73
2026-10-30,110,call,0
2026-10-30,110,put,27
2026-10-30,115,call,1
2026-10-30,115,put,2
2026-10-30,120,call,10
2026-10-30,120,put,2443
2026-10-30,125,call,14
2026-10-30,125,put,1672
2026-10-30,130,call,1
2026-10-30,130,put,199
2026-10-30,135,call,12
2026-10-30,135,put,2223
2026-10-30,140,call,10
2026-10-30,140,put,65
2026-10-30,145,call,20
2026-10-30,145,put,111
2026-10-30,150,call,56
2026-10-30,150,put,412
2026-10-30,155,call,16
2026-10-30,155,put,223
2026-10-30,160,call,42
2026-10-30,160,put,382
2026-10-30,165,call,5
2026-10-30,165,put,200
2026-10-30,170,call,22
2026-10-30,170,put,1000
2026-10-30,175,call,38
2026-10-30,175,put,960
2026-10-30,180,call,45
2026-10-30,180,put,964
2026-10-30,185,call,16
2026-10-30,185,put,802
2026-10-30,190,call,210
2026-10-30,190,put,1946
2026-10-30,195,call,175
2026-10-30,195,put,2443
2026-10-30,200,call,951
2026-10-30,200,put,9176
2026-10-30,205,call,488
2026-10-30,205,put,3629
2026-10-30,210,call,898
2026-10-30,210,put,5602
2026-10-30,215,call,925
2026-10-30,215,put,6145
2026-10-30,220,call,1983
2026-10-30,220,put,7355
2026-10-30,225,call,5628
2026-10-30,225,put,6482
2026-10-30,230,call,6314
2026-10-30,230,put,5022
2026-10-30,235,call,7325
2026-10-30,235,put,3322
2026-10-30,240,call,12256
2026-10-30,240,put,2552
2026-10-30,245,call,11276
2026-10-30,245,put,264
2026-10-30,250,call,15319
2026-10-30,250,put,304
2026-10-30,255,call,11965
2026-10-30,255,put,17
2026-10-30,260,call,8832
2026-10-30,260,put,152
2026-10-30,265,call,2799
2026-10-30,265,put,80
2026-10-30,270,call,10492
2026-10-30,270,put,5
2026-10-30,275,call,1794
2026-10-30,275,put,0
2026-10-30,280,call,2076
2026-10-30,280,put,10
2026-10-30,285,call,810
2026-10-30,285,put,2
2026-10-30,290,call,1214
2026-10-30,290,put,0
2026-10-30,295,call,115
2026-10-30,295,put,0
2026-10-30,300,call,841
2026-10-30,300,put,0
2026-10-30,305,call,253
2026-10-30,305,put,0
2026-10-30,310,call,8
2026-10-30,310,put,0
2026-10-30,315,call,49
2026-10-30,315,put,0
2026-10-30,320,call,32
2026-10-30,320,put,0
2026-10-30,325,call,57
2026-10-30,325,put,0
2026-10-30,330,call,61
2026-10-30,330,put,0
2026-10-30,335,call,5
2026-10-30,335,put,0
2026-10-30,340,call,54
2026-10-30,340,put,0
2026-10-30,345,call,26
2026-10-30,345,put,0
2026-10-30,350,call,71
2026-10-30,350,put,0
2026-10-30,360,call,81
2026-10-30,360,put,0
2026-10-30,370,call,0
2026-10-30,370,put,0
2026-10-30,380,call,0
2026-10-30,380,put,0
2026-10-30,390,call,132
2026-10-30,390,put,0
2026-10-30,400,call,15
2026-10-30,400,put,0
2026-10-30,410,call,0
2026-10-30,410,put,0
2026-10-30,420,call,0
2026-10-30,420,put,0
2026-10-30,430,call,0
2026-10-30,430,put,0
2026-10-30,440,call,0
2026-10-30,440,put,0
2026-10-30,450,call,0
2026-10-30,450,put,0
2026-10-30,460,call,0
2026-10-30,460,put,0
2026-10-30,470,call,0
2026-10-30,470,put,0
2026-10-30,480,call,0
2026-10-30,480,put,0
2026-11-06,50,call,0
2026-11-06,50,put,5
2026-11-06,55,call,0
2026-11-06,55,put,0
2026-11-06,60,call,0
2026-11-06,60,put,0
2026-11-06,65,call,0
2026-11-06,65,put,0
2026-11-06,70,call,0
2026-11-06,70,put,1
2026-11-06,75,call,0
2026-11-06,75,put,5
2026-11-06,80,call,0
2026-11-06,80,put,0
2026-11-06,85,call,0
2026-11-06,85,put,0
2026-11-06,90,call,0
2026-11-06,90,put,1
2026-11-06,95,call,0
2026-11-06,95,put,8
2026-11-06,100,call,0
2026-11-06,100,put,25
2026-11-06,105,call,0
2026-11-06,105,put,11
2026-11-06,110,call,0
2026-11-06,110,put,0
2026-11-06,115,call,7
2026-11-06,115,put,5
2026-11-06,120,call,1
2026-11-06,120,put,45
2026-11-06,125,call,1
2026-11-06,125,put,1556
2026-11-06,130,call,1
2026-11-06,130,put,20
2026-11-06,135,call,1
2026-11-06,135,put,65
2026-11-06,140,call,6
2026-11-06,140,put,8
2026-11-06,145,call,2
2026-11-06,145,put,7
2026-11-06,150,call,11
2026-11-06,150,put,35
2026-11-06,155,call,1
2026-11-06,155,put,90
2026-11-06,160,call,0
2026-11-06,160,put,82
2026-11-06,165,call,9
2026-11-06,165,put,104
2026-11-06,170,call,1
2026-11-06,170,put,167
2026-11-06,175,call,6
2026-11-06,175,put,847
2026-11-06,180,call,4
2026-11-06,180,put,270
2026-11-06,185,call,3
2026-11-06,185,put,275
2026-11-06,190,call,7
2026-11-06,190,put,476
2026-11-06,195,call,101
2026-11-06,195,put,2131
2026-11-06,200,call,99
2026-11-06,200,put,3711
2026-11-06,205,call,84
2026-11-06,205,put,3449
2026-11-06,210,call,156
2026-11-06,210,put,2474
2026-11-06,215,call,117
2026-11-06,215,put,1762
2026-11-06,220,call,408
2026-11-06,220,put,1828
2026-11-06,225,call,517
2026-11-06,225,put,2706
2026-11-06,230,call,2155
2026-11-06,230,put,2275
2026-11-06,235,call,2787
2026-11-06,235,put,1634
2026-11-06,240,call,4202
2026-11-06,240,put,3114
2026-11-06,245,call,2272
2026-11-06,245,put,245
2026-11-06,250,call,11434
2026-11-06,250,put,348
2026-11-06,255,call,8836
2026-11-06,255,put,71
2026-11-06,260,call,6658
2026-11-06,260,put,39
2026-11-06,265,call,4043
2026-11-06,265,put,8
2026-11-06,270,call,1456
2026-11-06,270,put,6
2026-11-06,275,call,664
2026-11-06,275,put,0
2026-11-06,280,call,556
2026-11-06,280,put,10
2026-11-06,285,call,1003
2026-11-06,285,put,0
2026-11-06,290,call,1726
2026-11-06,290,put,0
2026-11-06,295,call,297
2026-11-06,295,put,0
2026-11-06,300,call,658
2026-11-06,300,put,0
2026-11-06,305,call,19
2026-11-06,305,put,0
2026-11-06,310,call,4
2026-11-06,310,put,0
2026-11-06,315,call,0
2026-11-06,315,put,0
2026-11-06,320,call,9
2026-11-06,320,put,0
2026-11-06,325,call,1
2026-11-06,325,put,0
2026-11-06,330,call,1
2026-11-06,330,put,0
2026-11-06,335,call,0
2026-11-06,335,put,0
2026-11-06,340,call,3
2026-11-06,340,put,0
2026-11-06,345,call,5
2026-11-06,345,put,0
2026-11-06,350,call,0
2026-11-06,350,put,0
2026-11-06,360,call,100
2026-11-06,360,put,0
2026-11-06,370,call,0
2026-11-06,370,put,0
2026-11-06,380,call,0
2026-11-06,380,put,0
2026-11-06,390,call,9
2026-11-06,390,put,0
2026-11-06,400,call,0
2026-11-06,400,put,0
2026-11-06,410,call,0
2026-11-06,410,put,0
2026-11-06,420,call,0
2026-11-06,420,put,0
2026-11-06,430,call,0
2026-11-06,430,put,0
2026-11-06,440,call,0
2026-11-06,440,put,0
2026-11-06,450,call,0
2026-11-06,450,put,0
2026-11-06,460,call,0
2026-11-06,460,put,0
2026-11-06,470,call,0
2026-11-06,470,put,0
2026-11-06,480,call,0
2026-11-06,480,put,0
2026-11-13,50,call,0
2026-11-13,50,put,0
2026-11-13,55,call,0
2026-11-13,55,put,0
2026-11-13,60,call,0
2026-11-13,60,put,0
2026-11-13,65,call,0
2026-11-13,65,put,0
2026-11-13,70,call,0
2026-11-13,70,put,0
2026-11-13,75,call,0
2026-11-13,75,put,0
2026-11-13,80,call,0
2026-11-13,80,put,0
2026-11-13,85,call,0
2026-11-13,85,put,0
2026-11-13,90,call,0
2026-11-13,90,put,0
2026-11-13,95,call,0
2026-11-13,95,put,0
2026-11-13,100,call,0
2026-11-13,100,put,0
2026-11-13,105,call,0
2026-11-13,105,put,0
2026-11-13,110,call,0
2026-11-13,110,put,0
2026-11-13,115,call,0
2026-11-13,115,put,0
2026-11-13,120,call,0
2026-11-13,120,put,1
2026-11-13,125,call,5
2026-11-13,125,put,5
2026-11-13,130,call,0
2026-11-13,130,put,3
2026-11-13,135,call,0
2026-11-13,135,put,7
2026-11-13,140,call,0
2026-11-13,140,put,5
2026-11-13,145,call,0
2026-11-13,145,put,4
2026-11-13,150,call,1
2026-11-13,150,put,7
2026-11-13,155,call,1
2026-11-13,155,put,8
2026-11-13,160,call,0
2026-11-13,160,put,45
2026-11-13,165,call,4
2026-11-13,165,put,92
2026-11-13,170,call,3
2026-11-13,170,put,823
2026-11-13,175,call,0
2026-11-13,175,put,490
2026-11-13,180,call,3
2026-11-13,180,put,93
2026-11-13,185,call,3
2026-11-13,185,put,228
2026-11-13,190,call,7
2026-11-13,190,put,478
2026-11-13,195,call,6
2026-11-13,195,put,207
2026-11-13,200,call,38
2026-11-13,200,put,627
2026-11-13,205,call,8
2026-11-13,205,put,678
2026-11-13,210,call,33
2026-11-13,210,put,865
2026-11-13,215,call,225
2026-11-13,215,put,627
2026-11-13,220,call,275
2026-11-13,220,put,1194
2026-11-13,225,call,133
2026-11-13,225,put,1040
2026-11-13,230,call,1497
2026-11-13,230,put,863
2026-11-13,235,call,923
2026-11-13,235,put,2450
2026-11-13,240,call,2451
2026-11-13,240,put,357
2026-11-13,245,call,5287
2026-11-13,245,put,221
2026-11-13,250,call,4435
2026-11-13,250,put,86
2026-11-13,255,call,2312
2026-11-13,255,put,35
2026-11-13,260,call,6473
2026-11-13,260,put,23
2026-11-13,265,call,1429
2026-11-13,265,put,0
2026-11-13,270,call,1176
2026-11-13,270,put,1
2026-11-13,275,call,909
2026-11-13,275,put,12
2026-11-13,280,call,776
2026-11-13,280,put,0
2026-11-13,285,call,144
2026-11-13,285,put,0
2026-11-13,290,call,259
2026-11-13,290,put,0
2026-11-13,295,call,1429
2026-11-13,295,put,0
2026-11-13,300,call,133
2026-11-13,300,put,0
2026-11-13,305,call,9
2026-11-13,305,put,0
2026-11-13,310,call,15
2026-11-13,310,put,0
2026-11-13,315,call,13
2026-11-13,315,put,0
2026-11-13,320,call,6
2026-11-13,320,put,0
2026-11-13,325,call,6
2026-11-13,325,put,0
2026-11-13,330,call,1
2026-11-13,330,put,0
2026-11-13,335,call,1
2026-11-13,335,put,0
2026-11-13,340,call,27
2026-11-13,340,put,0
2026-11-13,345,call,61
2026-11-13,345,put,0
2026-11-13,350,call,13
2026-11-13,350,put,0
2026-11-13,360,call,2
2026-11-13,360,put,0
2026-11-13,370,call,0
2026-11-13,370,put,0
2026-11-13,380,call,0
2026-11-13,380,put,0
2026-11-13,390,call,0
2026-11-13,390,put,0
2026-11-13,400,call,0
2026-11-13,400,put,0
2026-11-13,410,call,0
2026-11-13,410,put,0
2026-11-13,420,call,0
2026-11-13,420,put,0
2026-11-13,430,call,0
2026-11-13,430,put,0
2026-11-13,440,call,0
2026-11-13,440,put,0
2026-11-13,450,call,0
2026-11-13,450,put,0
2026-11-13,460,call,0
2026-11-13,460,put,0
2026-11-13,470,call,0
2026-11-13,470,put,0
2026-11-13,480,call,0
2026-11-13,480,put,0
2026-11-20,2.5,call,0
2026-11-20,2.5,put,20
2026-11-20,5,call,42
2026-11-20,5,put,0
2026-11-20,7.5,call,0
2026-11-20,7.5,put,0
2026-11-20,10,call,0
2026-11-20,10,put,10
2026-11-20,12.5,call,0
2026-11-20,12.5,put,0
2026-11-20,15,call,0
2026-11-20,15,put,0
2026-11-20,17.5,call,0
2026-11-20,17.5,put,0
2026-11-20,20,call,1
2026-11-20,20,put,0
2026-11-20,22.5,call,0
2026-11-20,22.5,put,0
2026-11-20,25,call,0
2026-11-20,25,put,0
2026-11-20,30,call,0
2026-11-20,30,put,0
2026-11-20,35,call,0
2026-11-20,35,put,0
2026-11-20,40,call,0
2026-11-20,40,put,1
2026-11-20,45,call,0
2026-11-20,45,put,10
2026-11-20,50,call,31
2026-11-20,50,put,4237
2026-11-20,55,call,10
2026-11-20,55,put,379
2026-11-20,60,call,48
2026-11-20,60,put,300
2026-11-20,65,call,50
2026-11-20,65,put,136
2026-11-20,70,call,33
2026-11-20,70,put,363
2026-11-20,75,call,15
2026-11-20,75,put,423
2026-11-20,80,call,43
2026-11-20,80,put,1291
2026-11-20,85,call,46
2026-11-20,85,put,707
2026-11-20,90,call,80
2026-11-20,90,put,443
2026-11-20,95,call,52
2026-11-20,95,put,785
2026-11-20,100,call,299
2026-11-20,100,put,8791
2026-11-20,105,call,241
2026-11-20,105,put,481
2026-11-20,110,call,231
2026-11-20,110,put,3777
2026-11-20,115,call,340
2026-11-20,115,put,6800
2026-11-20,120,call,372
2026-11-20,120,put,5384
2026-11-20,125,call,284
2026-11-20,125,put,6750
2026-11-20,130,call,399
2026-11-20,130,put,6911
2026-11-20,135,call,447
2026-11-20,135,put,11496
2026-11-20,140,call,1554
2026-11-20,140,put,9493
2026-11-20,145,call,370
2026-11-20,145,put,8054
2026-11-20,150,call,1001
2026-11-20,150,put,21537
2026-11-20,155,call,1922
2026-11-20,155,put,9829
2026-11-20,160,call,1245
2026-11-20,160,put,21458
2026-11-20,165,call,1733
2026-11-20,165,put,11319
2026-11-20,170,call,1965
2026-11-20,170,put,24075
2026-11-20,175,call,2323
2026-11-20,175,put,18986
2026-11-20,180,call,7171
2026-11-20,180,put,32340
2026-11-20,185,call,3477
2026-11-20,185,put,13327
2026-11-20,190,call,3725
2026-11-20,190,put,29085
2026-11-20,195,call,3879
2026-11-20,195,put,19858
2026-11-20,200,call,25167
2026-11-20,200,put,51075
2026-11-20,205,call,5811
2026-11-20,205,put,12773
2026-11-20,210,call,77122
2026-11-20,210,put,27674
2026-11-20,215,call,11831
2026-11-20,215,put,27884
2026-11-20,220,call,17852
2026-11-20,220,put,20168
2026-11-20,225,call,15402
2026-11-20,225,put,15114
2026-11-20,230,call,58343
2026-11-20,230,put,12336
2026-11-20,235,call,17344
2026-11-20,235,put,4323
2026-11-20,240,call,34827
2026-11-20,240,put,7280
2026-11-20,245,call,96530
2026-11-20,245,put,2397
2026-11-20,250,call,44470
2026-11-20,250,put,2477
2026-11-20,255,call,19663
2026-11-20,255,put,387
2026-11-20,260,call,34573
2026-11-20,260,put,1490
2026-11-20,265,call,21167
2026-11-20,265,put,842
2026-11-20,270,call,26101
2026-11-20,270,put,623
2026-11-20,275,call,35020
2026-11-20,275,put,134
2026-11-20,280,call,15810
2026-11-20,280,put,54
2026-11-20,285,call,6276
2026-11-20,285,put,95
2026-11-20,290,call,5417
2026-11-20,290,put,6
2026-11-20,295,call,71960
2026-11-20,295,put,0
2026-11-20,300,call,13606
2026-11-20,300,put,0
2026-11-20,305,call,3529
2026-11-20,305,put,0
2026-11-20,310,call,3561
2026-11-20,310,put,0
2026-11-20,315,call,185
2026-11-20,315,put,0
2026-11-20,320,call,2378
2026-11-20,320,put,0
2026-11-20,325,call,156
2026-11-20,325,put,0
2026-11-20,330,call,2186
2026-11-20,330,put,0
2026-11-20,335,call,79
2026-11-20,335,put,0
2026-11-20,340,call,1709
2026-11-20,340,put,1
2026-11-20,345,call,25
2026-11-20,345,put,0
2026-11-20,350,call,3313
2026-11-20,350,put,0
2026-11-20,355,call,19
2026-11-20,355,put,0
2026-11-20,360,call,2538
2026-11-20,360,put,0
2026-11-20,365,call,121
2026-11-20,365,put,0
2026-11-20,370,call,2175
2026-11-20,370,put,0
2026-11-20,375,call,147
2026-11-20,375,put,0
2026-11-20,380,call,1667
2026-11-20,380,put,0
2026-11-20,385,call,2
2026-11-20,385,put,0
2026-11-20,390,call,532
2026-11-20,390,put,0
2026-11-20,395,call,3
2026-11-20,395,put,0
2026-11-20,400,call,12155
2026-11-20,400,put,0
2026-11-20,405,call,91
2026-11-20,405,put,0
2026-11-20,410,call,1274
2026-11-20,410,put,0
2026-11-20,415,call,20
2026-11-20,415,put,0
2026-11-20,420,call,607
2026-11-20,420,put,0
2026-11-20,425,call,25
2026-11-20,425,put,0
2026-11-20,430,call,398
2026-11-20,430,put,0
2026-11-20,440,call,846
2026-11-20,440,put,0
2026-11-20,450,call,533
2026-11-20,450,put,0
2026-11-20,455,call,3350
2026-11-20,455,put,0
2026-11-20,460,call,6893
2026-11-20,460,put,0
2026-11-20,470,call,0
2026-11-20,470,put,0
2026-11-20,480,call,35
2026-11-20,480,put,0
2026-12-18,0.5,call,684
2026-12-18,0.5,put,31542
2026-12-18,1,call,31
2026-12-18,1,put,5945
2026-12-18,1.5,call,0
2026-12-18,1.5,put,490
2026-12-18,2,call,0
2026-12-18,2,put,3366
2026-12-18,2.5,call,0
2026-12-18,2.5,put,4768
2026-12-18,3,call,0
2026-12-18,3,put,1652
2026-12-18,3.5,call,0
2026-12-18,3.5,put,198
2026-12-18,4,call,4
2026-12-18,4,put,725
2026-12-18,4.5,call,0
2026-12-18,4.5,put,1079
2026-12-18,5,call,1
2026-12-18,5,put,2552
2026-12-18,6,call,0
2026-12-18,6,put,852
2026-12-18,7,call,0
2026-12-18,7,put,1077
2026-12-18,8,call,0
2026-12-18,8,put,891
2026-12-18,9,call,0
2026-12-18,9,put,1198
2026-12-18,10,call,34
2026-12-18,10,put,12618
2026-12-18,11,call,0
2026-12-18,11,put,2415
2026-12-18,12,call,143
2026-12-18,12,put,215
2026-12-18,13,call,2
2026-12-18,13,put,13051
2026-12-18,14,call,1
2026-12-18,14,put,660
2026-12-18,15,call,362
2026-12-18,15,put,7670
2026-12-18,16,call,135
2026-12-18,16,put,621
2026-12-18,17,call,216
2026-12-18,17,put,2815
2026-12-18,18,call,141
2026-12-18,18,put,1550
2026-12-18,19,call,172
2026-12-18,19,put,407
2026-12-18,20,call,12978
2026-12-18,20,put,19301
2026-12-18,21,call,3788
2026-12-18,21,put,752
2026-12-18,22,call,3591
2026-12-18,22,put,2262
2026-12-18,23,call,325
2026-12-18,23,put,872
2026-12-18,24,call,653
2026-12-18,24,put,804
2026-12-18,25,call,1251
2026-12-18,25,put,30134
2026-12-18,26,call,662
2026-12-18,26,put,1235
2026-12-18,27,call,1017
2026-12-18,27,put,1304
2026-12-18,28,call,532
2026-12-18,28,put,4781
2026-12-18,29,call,560
2026-12-18,29,put,798
2026-12-18,30,call,1855
2026-12-18,30,put,5493
2026-12-18,31,call,979
2026-12-18,31,put,1414
2026-12-18,32,call,2460
2026-12-18,32,put,2313
2026-12-18,33,call,342
2026-12-18,33,put,2722
2026-12-18,34,call,360
2026-12-18,34,put,1923
2026-12-18,35,call,2221
2026-12-18,35,put,7151
2026-12-18,36,call,265
2026-12-18,36,put,11213
2026-12-18,37,call,336
2026-12-18,37,put,1029
2026-12-18,38,call,948
2026-12-18,38,put,973
2026-12-18,39,call,1272
2026-12-18,39,put,455
2026-12-18,40,call,1763
2026-12-18,40,put,7279
2026-12-18,41,call,875
2026-12-18,41,put,1327
2026-12-18,42,call,1155
2026-12-18,42,put,640
2026-12-18,43,call,796
2026-12-18,43,put,874
2026-12-18,44,call,648
2026-12-18,44,put,1576
2026-12-18,45,call,591
2026-12-18,45,put,12972
2026-12-18,46,call,908
2026-12-18,46,put,1885
2026-12-18,47,call,303
2026-12-18,47,put,2766
2026-12-18,48,call,542
2026-12-18,48,put,1603
2026-12-18,49,call,2620
2026-12-18,49,put,1940
2026-12-18,50,call,6110
2026-12-18,50,put,13315
2026-12-18,51,call,1792
2026-12-18,51,put,2035
2026-12-18,52,call,1048
2026-12-18,52,put,1121
2026-12-18,53,call,1035
2026-12-18,53,put,745
2026-12-18,54,call,549
2026-12-18,54,put,1894
2026-12-18,55,call,2441
2026-12-18,55,put,8430
2026-12-18,56,call,933
2026-12-18,56,put,1934
2026-12-18,57,call,732
2026-12-18,57,put,5467
2026-12-18,58,call,701
2026-12-18,58,put,5132
2026-12-18,59,call,7249
2026-12-18,59,put,419
2026-12-18,60,call,3416
2026-12-18,60,put,13548
2026-12-18,61,call,563
2026-12-18,61,put,1997
2026-12-18,62,call,972
2026-12-18,62,put,1230
2026-12-18,63,call,2169
2026-12-18,63,put,686
2026-12-18,64,call,1053
2026-12-18,64,put,1747
2026-12-18,65,call,2136
2026-12-18,65,put,15687
2026-12-18,66,call,854
2026-12-18,66,put,474
2026-12-18,67,call,756
2026-12-18,67,put,1238
2026-12-18,68,call,1109
2026-12-18,68,put,4391
2026-12-18,69,call,4982
2026-12-18,69,put,1559
2026-12-18,70,call,4010
2026-12-18,70,put,9987
2026-12-18,71,call,1510
2026-12-18,71,put,2706
2026-12-18,72,call,625
2026-12-18,72,put,14519
2026-12-18,73,call,760
2026-12-18,73,put,614
2026-12-18,74,call,4184
2026-12-18,74,put,998
2026-12-18,75,call,7201
2026-12-18,75,put,17854
2026-12-18,76,call,344
2026-12-18,76,put,2341
2026-12-18,77,call,1650
2026-12-18,77,put,2007
2026-12-18,78,call,508
2026-12-18,78,put,2114
2026-12-18,79,call,1442
2026-12-18,79,put,827
2026-12-18,80,call,14163
2026-12-18,80,put,14373
2026-12-18,81,call,1937
2026-12-18,81,put,1932
2026-12-18,82,call,1867
2026-12-18,82,put,3426
2026-12-18,83,call,2735
2026-12-18,83,put,1139
2026-12-18,84,call,1789
2026-12-18,84,put,1192
2026-12-18,85,call,7274
2026-12-18,85,put,8319
2026-12-18,86,call,1877
2026-12-18,86,put,4125
2026-12-18,87,call,1881
2026-12-18,87,put,772
2026-12-18,88,call,3961
2026-12-18,88,put,1019
2026-12-18,89,call,1258
2026-12-18,89,put,7726
2026-12-18,90,call,13662
2026-12-18,90,put,19065
2026-12-18,91,call,2421
2026-12-18,91,put,2089
2026-12-18,92,call,1445
2026-12-18,92,put,2397
2026-12-18,93,call,3540
2026-12-18,93,put,2466
2026-12-18,94,call,1345
2026-12-18,94,put,1001
2026-12-18,95,call,1878
2026-12-18,95,put,5828
2026-12-18,96,call,703
2026-12-18,96,put,1994
2026-12-18,97,call,4108
2026-12-18,97,put,1658
2026-12-18,98,call,703
2026-12-18,98,put,941
2026-12-18,99,call,1448
2026-12-18,99,put,2662
2026-12-18,100,call,16095
2026-12-18,100,put,30350
2026-12-18,101,call,12471
2026-12-18,101,put,5315
2026-12-18,102,call,1336
2026-12-18,102,put,927
2026-12-18,103,call,12156
2026-12-18,103,put,1628
2026-12-18,104,call,451
2026-12-18,104,put,794
2026-12-18,105,call,12117
2026-12-18,105,put,5737
2026-12-18,106,call,895
2026-12-18,106,put,896
2026-12-18,107,call,974
2026-12-18,107,put,1546
2026-12-18,108,call,1238
2026-12-18,108,put,2557
2026-12-18,109,call,416
2026-12-18,109,put,632
2026-12-18,110,call,14777
2026-12-18,110,put,18228
2026-12-18,111,call,656
2026-12-18,111,put,817
2026-12-18,112,call,1347
2026-12-18,112,put,3877
2026-12-18,113,call,2155
2026-12-18,113,put,3273
2026-12-18,114,call,676
2026-12-18,114,put,2163
2026-12-18,115,call,1725
2026-12-18,115,put,6494
2026-12-18,116,call,953
2026-12-18,116,put,4987
2026-12-18,117,call,1900
2026-12-18,117,put,1810
2026-12-18,118,call,1836
2026-12-18,118,put,1843
2026-12-18,119,call,905
2026-12-18,119,put,1284
2026-12-18,120,call,7679
2026-12-18,120,put,19357
2026-12-18,121,call,874
2026-12-18,121,put,893
2026-12-18,122,call,2728
2026-12-18,122,put,1490
2026-12-18,123,call,910
2026-12-18,123,put,1441
2026-12-18,124,call,849
2026-12-18,124,put,7539
2026-12-18,125,call,12339
2026-12-18,125,put,18848
2026-12-18,126,call,4396
2026-12-18,126,put,2973
2026-12-18,127,call,1694
2026-12-18,127,put,3370
2026-12-18,128,call,1305
2026-12-18,128,put,1421
2026-12-18,129,call,1203
2026-12-18,129,put,1630
2026-12-18,130,call,30562
2026-12-18,130,put,14066
2026-12-18,132,call,2371
2026-12-18,132,put,3173
2026-12-18,134,call,2017
2026-12-18,134,put,3370
2026-12-18,135,call,3133
2026-12-18,135,put,6916
2026-12-18,136,call,2090
2026-12-18,136,put,1719
2026-12-18,138,call,2760
2026-12-18,138,put,3626
2026-12-18,140,call,13076
2026-12-18,140,put,17998
2026-12-18,142,call,1271
2026-12-18,142,put,2336
2026-12-18,144,call,1249
2026-12-18,144,put,2293
2026-12-18,145,call,3197
2026-12-18,145,put,7395
2026-12-18,146,call,1912
2026-12-18,146,put,4690
2026-12-18,148,call,9101
2026-12-18,148,put,4516
2026-12-18,150,call,15432
2026-12-18,150,put,27515
2026-12-18,152,call,958
2026-12-18,152,put,2040
2026-12-18,154,call,3690
2026-12-18,154,put,1586
2026-12-18,155,call,1059
2026-12-18,155,put,12711
2026-12-18,156,call,2282
2026-12-18,156,put,1776
2026-12-18,158,call,1184
2026-12-18,158,put,3730
2026-12-18,160,call,15195
2026-12-18,160,put,43998
2026-12-18,162,call,1243
2026-12-18,162,put,4067
2026-12-18,164,call,29948
2026-12-18,164,put,9704
2026-12-18,165,call,1853
2026-12-18,165,put,22099
2026-12-18,166,call,857
2026-12-18,166,put,2037
2026-12-18,167,call,600
2026-12-18,167,put,4227
2026-12-18,168,call,1197
2026-12-18,168,put,2252
2026-12-18,169,call,1222
2026-12-18,169,put,4133
2026-12-18,170,call,6887
2026-12-18,170,put,18768
2026-12-18,171,call,1244
2026-12-18,171,put,3446
2026-12-18,172,call,1619
2026-12-18,172,put,2227
2026-12-18,173,call,397
2026-12-18,173,put,3179
2026-12-18,174,call,2159
2026-12-18,174,put,3319
2026-12-18,175,call,5350
2026-12-18,175,put,14341
2026-12-18,176,call,14648
2026-12-18,176,put,2570
2026-12-18,177,call,1599
2026-12-18,177,put,2109
2026-12-18,178,call,2231
2026-12-18,178,put,4102
2026-12-18,179,call,3033
2026-12-18,179,put,3277
2026-12-18,180,call,22871
2026-12-18,180,put,26671
2026-12-18,181,call,3728
2026-12-18,181,put,4170
2026-12-18,182,call,1930
2026-12-18,182,put,3165
2026-12-18,183,call,2543
2026-12-18,183,put,2753
2026-12-18,184,call,2637
2026-12-18,184,put,1796
2026-12-18,185,call,4683
2026-12-18,185,put,13872
2026-12-18,186,call,2260
2026-12-18,186,put,5467
2026-12-18,187,call,1782
2026-12-18,187,put,3574
2026-12-18,188,call,1980
2026-12-18,188,put,3741
2026-12-18,189,call,5084
2026-12-18,189,put,3437
2026-12-18,190,call,11642
2026-12-18,190,put,31428
2026-12-18,191,call,1527
2026-12-18,191,put,2858
2026-12-18,192,call,968
2026-12-18,192,put,2335
2026-12-18,193,call,1549
2026-12-18,193,put,2415
2026-12-18,194,call,12750
2026-12-18,194,put,2897
2026-12-18,195,call,3917
2026-12-18,195,put,18967
2026-12-18,200,call,49063
2026-12-18,200,put,60974
2026-12-18,205,call,5862
2026-12-18,205,put,13851
2026-12-18,210,call,29235
2026-12-18,210,put,29165
2026-12-18,212,call,2282
2026-12-18,212,put,3178
2026-12-18,213,call,2650
2026-12-18,213,put,2562
2026-12-18,214,call,2385
2026-12-18,214,put,3201
2026-12-18,215,call,13633
2026-12-18,215,put,7709
2026-12-18,216,call,2847
2026-12-18,216,put,1925
2026-12-18,217,call,3120
2026-12-18,217,put,3542
2026-12-18,218,call,2612
2026-12-18,218,put,1111
2026-12-18,219,call,1658
2026-12-18,219,put,1490
2026-12-18,220,call,59410
2026-12-18,220,put,43478
2026-12-18,221,call,2358
2026-12-18,221,put,6015
2026-12-18,222,call,2835
2026-12-18,222,put,1405
2026-12-18,223,call,2085
2026-12-18,223,put,922
2026-12-18,224,call,1648
2026-12-18,224,put,2010
2026-12-18,225,call,20086
2026-12-18,225,put,9523
2026-12-18,226,call,3477
2026-12-18,226,put,1465
2026-12-18,227,call,1679
2026-12-18,227,put,2039
2026-12-18,228,call,17293
2026-12-18,228,put,3004
2026-12-18,230,call,25352
2026-12-18,230,put,16389
2026-12-18,235,call,15446
2026-12-18,235,put,5507
2026-12-18,240,call,29461
2026-12-18,240,put,7907
2026-12-18,245,call,20859
2026-12-18,245,put,1791
2026-12-18,250,call,51395
2026-12-18,250,put,2733
2026-12-18,255,call,12478
2026-12-18,255,put,1335
2026-12-18,260,call,25688
2026-12-18,260,put,1220
2026-12-18,265,call,10540
2026-12-18,265,put,802
2026-12-18,270,call,30504
2026-12-18,270,put,1552
2026-12-18,275,call,23575
2026-12-18,275,put,1260
2026-12-18,280,call,36441
2026-12-18,280,put,342
2026-12-18,285,call,7687
2026-12-18,285,put,386
2026-12-18,290,call,15956
2026-12-18,290,put,345
2026-12-18,295,call,5309
2026-12-18,295,put,25
2026-12-18,300,call,50643
2026-12-18,300,put,21
2026-12-18,305,call,7148
2026-12-18,305,put,1
2026-12-18,310,call,7430
2026-12-18,310,put,0
2026-12-18,315,call,2148
2026-12-18,315,put,0
2026-12-18,320,call,6615
2026-12-18,320,put,0
2026-12-18,325,call,4019
2026-12-18,325,put,0
2026-12-18,330,call,6160
2026-12-18,330,put,0
2026-12-18,335,call,865
2026-12-18,335,put,0
2026-12-18,340,call,3357
2026-12-18,340,put,0
2026-12-18,345,call,2790
2026-12-18,345,put,0
2026-12-18,350,call,3973
2026-12-18,350,put,0
2026-12-18,355,call,2969
2026-12-18,355,put,0
2026-12-18,360,call,3444
2026-12-18,360,put,0
2026-12-18,365,call,488
2026-12-18,365,put,0
2026-12-18,370,call,2683
2026-12-18,370,put,0
2026-12-18,375,call,592
2026-12-18,375,put,0
2026-12-18,380,call,1903
2026-12-18,380,put,0
2026-12-18,385,call,1546
2026-12-18,385,put,0
2026-12-18,390,call,4731
2026-12-18,390,put,0
2026-12-18,400,call,6895
2026-12-18,400,put,0
2026-12-18,410,call,2963
2026-12-18,410,put,0
2026-12-18,420,call,4795
2026-12-18,420,put,0
2026-12-18,430,call,914
2026-12-18,430,put,0
2026-12-18,440,call,579
2026-12-18,440,put,0
2026-12-18,450,call,7754
2026-12-18,450,put,0
2026-12-18,455,call,3073
2026-12-18,455,put,0
2026-12-18,460,call,17614
2026-12-18,460,put,0
2026-12-18,470,call,1
2026-12-18,470,put,0
2026-12-18,480,call,1
2026-12-18,480,put,0
2027-01-15,5,call,194
2027-01-15,5,put,9183
2027-01-15,10,call,216
2027-01-15,10,put,3238
2027-01-15,15,call,187
2027-01-15,15,put,33303
2027-01-15,20,call,3101
2027-01-15,20,put,12621
2027-01-15,25,call,552
2027-01-15,25,put,18009
2027-01-15,30,call,439
2027-01-15,30,put,2998
2027-01-15,35,call,1867
2027-01-15,35,put,6600
2027-01-15,40,call,597
2027-01-15,40,put,2623
2027-01-15,45,call,1064
2027-01-15,45,put,7258
2027-01-15,50,call,1506
2027-01-15,50,put,12477
2027-01-15,55,call,2412
2027-01-15,55,put,3602
2027-01-15,60,call,2426
2027-01-15,60,put,15920
2027-01-15,65,call,679
2027-01-15,65,put,6216
2027-01-15,70,call,5127
2027-01-15,70,put,13326
2027-01-15,75,call,3347
2027-01-15,75,put,10508
2027-01-15,80,call,14140
2027-01-15,80,put,25963
2027-01-15,85,call,1437
2027-01-15,85,put,13651
2027-01-15,90,call,7570
2027-01-15,90,put,28710
2027-01-15,95,call,3071
2027-01-15,95,put,22602
2027-01-15,100,call,29502
2027-01-15,100,put,185793
2027-01-15,105,call,5432
2027-01-15,105,put,16916
2027-01-15,110,call,3869
2027-01-15,110,put,23091
2027-01-15,115,call,5913
2027-01-15,115,put,20359
2027-01-15,120,call,8968
2027-01-15,120,put,32397
2027-01-15,125,call,6617
2027-01-15,125,put,18619
2027-01-15,130,call,13897
2027-01-15,130,put,28857
2027-01-15,135,call,18201
2027-01-15,135,put,19319
2027-01-15,140,call,11808
2027-01-15,140,put,26635
2027-01-15,145,call,3569
2027-01-15,145,put,22584
2027-01-15,150,call,25260
2027-01-15,150,put,136639
2027-01-15,155,call,6935
2027-01-15,155,put,16041
2027-01-15,160,call,37823
2027-01-15,160,put,27055
2027-01-15,165,call,6808
2027-01-15,165,put,20460
2027-01-15,170,call,14796
2027-01-15,170,put,59313
2027-01-15,175,call,16815
2027-01-15,175,put,23388
2027-01-15,180,call,44382
2027-01-15,180,put,145459
2027-01-15,185,call,14703
2027-01-15,185,put,20308
2027-01-15,190,call,23399
2027-01-15,190,put,44131
2027-01-15,195,call,19290
2027-01-15,195,put,18787
2027-01-15,200,call,286784
2027-01-15,200,put,79812
2027-01-15,205,call,5230
2027-01-15,205,put,17452
2027-01-15,210,call,42167
2027-01-15,210,put,23468
2027-01-15,215,call,12156
2027-01-15,215,put,19273
2027-01-15,220,call,39335
2027-01-15,220,put,43093
2027-01-15,225,call,14305
2027-01-15,225,put,12411
2027-01-15,230,call,43704
2027-01-15,230,put,13484
2027-01-15,235,call,18678
2027-01-15,235,put,6323
2027-01-15,240,call,45860
2027-01-15,240,put,7671
2027-01-15,245,call,13543
2027-01-15,245,put,2731
2027-01-15,250,call,64664
2027-01-15,250,put,3029
2027-01-15,255,call,22264
2027-01-15,255,put,828
2027-01-15,260,call,63995
2027-01-15,260,put,3290
2027-01-15,265,call,14428
2027-01-15,265,put,664
2027-01-15,270,call,29677
2027-01-15,270,put,1706
2027-01-15,275,call,9914
2027-01-15,275,put,1552
2027-01-15,280,call,34533
2027-01-15,280,put,2724
2027-01-15,285,call,11898
2027-01-15,285,put,450
2027-01-15,290,call,41078
2027-01-15,290,put,582
2027-01-15,295,call,6006
2027-01-15,295,put,39
2027-01-15,300,call,67244
2027-01-15,300,put,1671
2027-01-15,310,call,15153
2027-01-15,310,put,1
2027-01-15,320,call,14488
2027-01-15,320,put,1
2027-01-15,330,call,5994
2027-01-15,330,put,0
2027-01-15,340,call,73156
2027-01-15,340,put,0
2027-01-15,350,call,12344
2027-01-15,350,put,0
2027-01-15,360,call,7885
2027-01-15,360,put,0
2027-01-15,370,call,5149
2027-01-15,370,put,0
2027-01-15,380,call,3041
2027-01-15,380,put,0
2027-01-15,390,call,3485
2027-01-15,390,put,0
2027-01-15,400,call,8186
2027-01-15,400,put,0
2027-01-15,410,call,2208
2027-01-15,410,put,0
2027-01-15,420,call,11300
2027-01-15,420,put,0
2027-01-15,430,call,2612
2027-01-15,430,put,0
2027-01-15,440,call,1292
2027-01-15,440,put,0
2027-01-15,450,call,3562
2027-01-15,450,put,0
2027-01-15,455,call,970
2027-01-15,455,put,0
2027-01-15,460,call,38166
2027-01-15,460,put,0
2027-01-15,470,call,27
2027-01-15,470,put,0
2027-01-15,480,call,6
2027-01-15,480,put,0
2027-02-19,5,call,0
2027-02-19,5,put,20
2027-02-19,10,call,0
2027-02-19,10,put,1000
2027-02-19,15,call,0
2027-02-19,15,put,0
2027-02-19,20,call,2
2027-02-19,20,put,2
2027-02-19,25,call,0
2027-02-19,25,put,0
2027-02-19,30,call,3
2027-02-19,30,put,1
2027-02-19,35,call,20
2027-02-19,35,put,3
2027-02-19,40,call,3
2027-02-19,40,put,4
2027-02-19,45,call,0
2027-02-19,45,put,5
2027-02-19,50,call,27
2027-02-19,50,put,256
2027-02-19,55,call,1
2027-02-19,55,put,223
2027-02-19,60,call,5
2027-02-19,60,put,177
2027-02-19,65,call,10
2027-02-19,65,put,97
2027-02-19,70,call,10
2027-02-19,70,put,92
2027-02-19,75,call,5
2027-02-19,75,put,495
2027-02-19,80,call,0
2027-02-19,80,put,226
2027-02-19,85,call,5
2027-02-19,85,put,133
2027-02-19,90,call,3
2027-02-19,90,put,166
2027-02-19,95,call,1
2027-02-19,95,put,194
2027-02-19,100,call,34
2027-02-19,100,put,603
2027-02-19,105,call,2
2027-02-19,105,put,154
2027-02-19,110,call,35
2027-02-19,110,put,5453
2027-02-19,115,call,139
2027-02-19,115,put,392
2027-02-19,120,call,77
2027-02-19,120,put,1069
2027-02-19,125,call,15
2027-02-19,125,put,372
2027-02-19,130,call,52
2027-02-19,130,put,685
2027-02-19,135,call,53
2027-02-19,135,put,2030
2027-02-19,140,call,98
2027-02-19,140,put,552
2027-02-19,145,call,148
2027-02-19,145,put,730
2027-02-19,150,call,243
2027-02-19,150,put,3980
2027-02-19,155,call,117
2027-02-19,155,put,4165
2027-02-19,160,call,259
2027-02-19,160,put,4842
2027-02-19,165,call,125
2027-02-19,165,put,6980
2027-02-19,170,call,184
2027-02-19,170,put,4458
2027-02-19,175,call,650
2027-02-19,175,put,5028
2027-02-19,180,call,782
2027-02-19,180,put,8702
2027-02-19,185,call,453
2027-02-19,185,put,8321
2027-02-19,190,call,1323
2027-02-19,190,put,8528
2027-02-19,195,call,326
2027-02-19,195,put,3800
2027-02-19,200,call,2096
2027-02-19,200,put,8381
2027-02-19,205,call,1151
2027-02-19,205,put,3676
2027-02-19,210,call,2351
2027-02-19,210,put,4810
2027-02-19,215,call,2157
2027-02-19,215,put,3397
2027-02-19,220,call,2485
2027-02-19,220,put,2210
2027-02-19,225,call,3806
2027-02-19,225,put,2127
2027-02-19,230,call,6456
2027-02-19,230,put,3831
2027-02-19,235,call,2375
2027-02-19,235,put,1057
2027-02-19,240,call,3440
2027-02-19,240,put,1824
2027-02-19,245,call,2701
2027-02-19,245,put,502
2027-02-19,250,call,8210
2027-02-19,250,put,372
2027-02-19,255,call,3324
2027-02-19,255,put,249
2027-02-19,260,call,6343
2027-02-19,260,put,217
2027-02-19,265,call,3997
2027-02-19,265,put,168
2027-02-19,270,call,8352
2027-02-19,270,put,376
2027-02-19,275,call,5268
2027-02-19,275,put,230
2027-02-19,280,call,7271
2027-02-19,280,put,265
2027-02-19,285,call,2975
2027-02-19,285,put,299
2027-02-19,290,call,2905
2027-02-19,290,put,73
2027-02-19,295,call,1141
2027-02-19,295,put,80
2027-02-19,300,call,2681
2027-02-19,300,put,82
2027-02-19,305,call,1687
2027-02-19,305,put,5
2027-02-19,310,call,2001
2027-02-19,310,put,8
2027-02-19,315,call,546
2027-02-19,315,put,1
2027-02-19,320,call,1451
2027-02-19,320,put,0
2027-02-19,325,call,561
2027-02-19,325,put,0
2027-02-19,330,call,560
2027-02-19,330,put,0
2027-02-19,335,call,279
2027-02-19,335,put,0
2027-02-19,340,call,966
2027-02-19,340,put,0
2027-02-19,345,call,220
2027-02-19,345,put,0
2027-02-19,350,call,630
2027-02-19,350,put,0
2027-02-19,355,call,739
2027-02-19,355,put,0
2027-02-19,360,call,388
2027-02-19,360,put,0
2027-02-19,365,call,427
2027-02-19,365,put,0
2027-02-19,370,call,411
2027-02-19,370,put,0
2027-02-19,375,call,179
2027-02-19,375,put,0
2027-02-19,380,call,185
2027-02-19,380,put,0
2027-02-19,385,call,238
2027-02-19,385,put,0
2027-02-19,390,call,1353
2027-02-19,390,put,0
2027-02-19,395,call,66
2027-02-19,395,put,0
2027-02-19,400,call,108
2027-02-19,400,put,0
2027-02-19,405,call,148
2027-02-19,405,put,0
2027-02-19,410,call,40
2027-02-19,410,put,0
2027-02-19,415,call,19
2027-02-19,415,put,0
2027-02-19,420,call,130
2027-02-19,420,put,0
2027-02-19,425,call,51
2027-02-19,425,put,0
2027-02-19,430,call,16
2027-02-19,430,put,0
2027-02-19,435,call,50
2027-02-19,435,put,0
2027-02-19,440,call,53
2027-02-19,440,put,0
2027-02-19,445,call,3
2027-02-19,445,put,0
2027-02-19,450,call,69
2027-02-19,450,put,0
2027-02-19,455,call,21
2027-02-19,455,put,0
2027-02-19,460,call,716
2027-02-19,460,put,0
2027-02-19,470,call,2
2027-02-19,470,put,0
2027-02-19,480,call,7
2027-02-19,480,put,0
2027-03-19,2.5,call,3
2027-03-19,2.5,put,0
2027-03-19,5,call,74
2027-03-19,5,put,1002
2027-03-19,7.5,call,0
2027-03-19,7.5,put,3021
2027-03-19,10,call,0
2027-03-19,10,put,1000
2027-03-19,12.5,call,0
2027-03-19,12.5,put,0
2027-03-19,15,call,5
2027-03-19,15,put,2
2027-03-19,17.5,call,0
2027-03-19,17.5,put,0
2027-03-19,20,call,0
2027-03-19,20,put,4
2027-03-19,22.5,call,0
2027-03-19,22.5,put,4
2027-03-19,25,call,0
2027-03-19,25,put,8
2027-03-19,30,call,4
2027-03-19,30,put,14
2027-03-19,35,call,2
2027-03-19,35,put,55
2027-03-19,40,call,12
2027-03-19,40,put,9
2027-03-19,45,call,1
2027-03-19,45,put,103
2027-03-19,50,call,54
2027-03-19,50,put,899
2027-03-19,55,call,34
2027-03-19,55,put,405
2027-03-19,60,call,313
2027-03-19,60,put,1011
2027-03-19,65,call,49
2027-03-19,65,put,409
2027-03-19,70,call,320
2027-03-19,70,put,559
2027-03-19,75,call,3460
2027-03-19,75,put,3544
2027-03-19,80,call,74
2027-03-19,80,put,863
2027-03-19,85,call,132
2027-03-19,85,put,307
2027-03-19,90,call,842
2027-03-19,90,put,3303
2027-03-19,95,call,86
2027-03-19,95,put,1155
2027-03-19,100,call,392
2027-03-19,100,put,5332
2027-03-19,105,call,184
2027-03-19,105,put,767
2027-03-19,110,call,508
2027-03-19,110,put,3289
2027-03-19,115,call,415
2027-03-19,115,put,5969
2027-03-19,120,call,585
2027-03-19,120,put,3164
2027-03-19,125,call,414
2027-03-19,125,put,11395
2027-03-19,130,call,657
2027-03-19,130,put,16837
2027-03-19,135,call,293
2027-03-19,135,put,9866
2027-03-19,140,call,569
2027-03-19,140,put,19126
2027-03-19,145,call,332
2027-03-19,145,put,14618
2027-03-19,150,call,1679
2027-03-19,150,put,28253
2027-03-19,155,call,654
2027-03-19,155,put,7995
2027-03-19,160,call,2436
2027-03-19,160,put,23714
2027-03-19,165,call,1425
2027-03-19,165,put,9016
2027-03-19,170,call,4859
2027-03-19,170,put,16993
2027-03-19,175,call,2459
2027-03-19,175,put,9035
2027-03-19,180,call,4334
2027-03-19,180,put,24125
2027-03-19,185,call,3007
2027-03-19,185,put,12007
2027-03-19,190,call,4071
2027-03-19,190,put,16175
2027-03-19,195,call,7804
2027-03-19,195,put,11815
2027-03-19,200,call,32142
2027-03-19,200,put,21092
2027-03-19,205,call,2251
2027-03-19,205,put,15928
2027-03-19,210,call,24989
2027-03-19,210,put,19443
2027-03-19,215,call,10595
2027-03-19,215,put,13210
2027-03-19,220,call,19830
2027-03-19,220,put,8325
2027-03-19,225,call,12372
2027-03-19,225,put,6461
2027-03-19,230,call,13734
2027-03-19,230,put,12591
2027-03-19,235,call,11327
2027-03-19,235,put,2954
2027-03-19,240,call,16807
2027-03-19,240,put,7911
2027-03-19,245,call,6443
2027-03-19,245,put,1767
2027-03-19,250,call,40389
2027-03-19,250,put,1033
2027-03-19,255,call,5155
2027-03-19,255,put,785
2027-03-19,260,call,40262
2027-03-19,260,put,1546
2027-03-19,265,call,5014
2027-03-19,265,put,1271
2027-03-19,270,call,17156
2027-03-19,270,put,1262
2027-03-19,275,call,5721
2027-03-19,275,put,742
2027-03-19,280,call,16456
2027-03-19,280,put,2658
2027-03-19,285,call,5816
2027-03-19,285,put,445
2027-03-19,290,call,11861
2027-03-19,290,put,499
2027-03-19,295,call,4039
2027-03-19,295,put,456
2027-03-19,300,call,21460
2027-03-19,300,put,742
2027-03-19,305,call,2358
2027-03-19,305,put,483
2027-03-19,310,call,6287
2027-03-19,310,put,500
2027-03-19,315,call,3556
2027-03-19,315,put,359
2027-03-19,320,call,21160
2027-03-19,320,put,51
2027-03-19,325,call,2122
2027-03-19,325,put,0
2027-03-19,330,call,5199
2027-03-19,330,put,0
2027-03-19,335,call,3332
2027-03-19,335,put,0
2027-03-19,340,call,2158
2027-03-19,340,put,0
2027-03-19,345,call,887
2027-03-19,345,put,0
2027-03-19,350,call,5897
2027-03-19,350,put,0
2027-03-19,355,call,995
2027-03-19,355,put,0
2027-03-19,360,call,2830
2027-03-19,360,put,0
2027-03-19,365,call,327
2027-03-19,365,put,0
2027-03-19,370,call,4439
2027-03-19,370,put,5
2027-03-19,375,call,215
2027-03-19,375,put,0
2027-03-19,380,call,903
2027-03-19,380,put,0
2027-03-19,385,call,621
2027-03-19,385,put,0
2027-03-19,390,call,1043
2027-03-19,390,put,0
2027-03-19,395,call,264
2027-03-19,395,put,0
2027-03-19,400,call,3043
2027-03-19,400,put,0
2027-03-19,405,call,618
2027-03-19,405,put,0
2027-03-19,410,call,1263
2027-03-19,410,put,0
2027-03-19,415,call,126
2027-03-19,415,put,0
2027-03-19,420,call,1204
2027-03-19,420,put,0
2027-03-19,430,call,391
2027-03-19,430,put,0
2027-03-19,440,call,845
2027-03-19,440,put,0
2027-03-19,450,call,454
2027-03-19,450,put,0
2027-03-19,455,call,324
2027-03-19,455,put,0
2027-03-19,460,call,6558
2027-03-19,460,put,0
2027-03-19,470,call,0
2027-03-19,470,put,0
2027-03-19,480,call,29
2027-03-19,480,put,0
2027-04-16,5,call,0
2027-04-16,5,put,0
2027-04-16,10,call,0
2027-04-16,10,put,0
2027-04-16,15,call,0
2027-04-16,15,put,0
2027-04-16,20,call,0
2027-04-16,20,put,0
2027-04-16,25,call,0
2027-04-16,25,put,0
2027-04-16,30,call,0
2027-04-16,30,put,0
2027-04-16,35,call,0
2027-04-16,35,put,6
2027-04-16,40,call,0
2027-04-16,40,put,5
2027-04-16,45,call,0
2027-04-16,45,put,10
2027-04-16,50,call,1
2027-04-16,50,put,22
2027-04-16,55,call,0
2027-04-16,55,put,7
2027-04-16,60,call,1
2027-04-16,60,put,44
2027-04-16,65,call,1
2027-04-16,65,put,57
2027-04-16,70,call,1
2027-04-16,70,put,5
2027-04-16,75,call,0
2027-04-16,75,put,276
2027-04-16,80,call,0
2027-04-16,80,put,62
2027-04-16,85,call,13
2027-04-16,85,put,37
2027-04-16,90,call,2
2027-04-16,90,put,137
2027-04-16,95,call,1
2027-04-16,95,put,218
2027-04-16,100,call,7
2027-04-16,100,put,1306
2027-04-16,105,call,0
2027-04-16,105,put,20
2027-04-16,110,call,21
2027-04-16,110,put,631
2027-04-16,115,call,4
2027-04-16,115,put,21
2027-04-16,120,call,12
2027-04-16,120,put,120
2027-04-16,125,call,0
2027-04-16,125,put,423
2027-04-16,130,call,10
2027-04-16,130,put,267
2027-04-16,135,call,0
2027-04-16,135,put,162
2027-04-16,140,call,7
2027-04-16,140,put,642
2027-04-16,145,call,12
2027-04-16,145,put,538
2027-04-16,150,call,63
2027-04-16,150,put,1903
2027-04-16,155,call,8
2027-04-16,155,put,136
2027-04-16,160,call,30
2027-04-16,160,put,408
2027-04-16,165,call,118
2027-04-16,165,put,732
2027-04-16,170,call,49
2027-04-16,170,put,777
2027-04-16,175,call,32
2027-04-16,175,put,4126
2027-04-16,180,call,35
2027-04-16,180,put,7259
2027-04-16,185,call,48
2027-04-16,185,put,1444
2027-04-16,190,call,55
2027-04-16,190,put,2412
2027-04-16,195,call,247
2027-04-16,195,put,1003
2027-04-16,200,call,251
2027-04-16,200,put,1658
2027-04-16,205,call,78
2027-04-16,205,put,817
2027-04-16,210,call,247
2027-04-16,210,put,5163
2027-04-16,215,call,2164
2027-04-16,215,put,529
2027-04-16,220,call,335
2027-04-16,220,put,466
2027-04-16,225,call,568
2027-04-16,225,put,1577
2027-04-16,230,call,4599
2027-04-16,230,put,2398
2027-04-16,235,call,732
2027-04-16,235,put,1145
2027-04-16,240,call,1013
2027-04-16,240,put,858
2027-04-16,245,call,337
2027-04-16,245,put,176
2027-04-16,250,call,784
2027-04-16,250,put,126
2027-04-16,255,call,544
2027-04-16,255,put,146
2027-04-16,260,call,916
2027-04-16,260,put,439
2027-04-16,265,call,253
2027-04-16,265,put,6
2027-04-16,270,call,417
2027-04-16,270,put,14
2027-04-16,275,call,439
2027-04-16,275,put,19
2027-04-16,280,call,522
2027-04-16,280,put,93
2027-04-16,285,call,424
2027-04-16,285,put,75
2027-04-16,290,call,1566
2027-04-16,290,put,48
2027-04-16,295,call,325
2027-04-16,295,put,29
2027-04-16,300,call,1762
2027-04-16,300,put,55
2027-04-16,305,call,725
2027-04-16,305,put,8
2027-04-16,310,call,325
2027-04-16,310,put,17
2027-04-16,315,call,32
2027-04-16,315,put,0
2027-04-16,320,call,256
2027-04-16,320,put,0
2027-04-16,325,call,51
2027-04-16,325,put,3
2027-04-16,330,call,106
2027-04-16,330,put,0
2027-04-16,335,call,30
2027-04-16,335,put,0
2027-04-16,340,call,84
2027-04-16,340,put,0
2027-04-16,345,call,9
2027-04-16,345,put,0
2027-04-16,350,call,995
2027-04-16,350,put,0
2027-04-16,355,call,55
2027-04-16,355,put,0
2027-04-16,360,call,109
2027-04-16,360,put,0
2027-04-16,365,call,162
2027-04-16,365,put,0
2027-04-16,370,call,56
2027-04-16,370,put,0
2027-04-16,375,call,66
2027-04-16,375,put,0
2027-04-16,380,call,22
2027-04-16,380,put,0
2027-04-16,385,call,29
2027-04-16,385,put,0
2027-04-16,390,call,64
2027-04-16,390,put,0
2027-04-16,395,call,72
2027-04-16,395,put,0
2027-04-16,400,call,318
2027-04-16,400,put,0
2027-04-16,405,call,22
2027-04-16,405,put,0
2027-04-16,410,call,136
2027-04-16,410,put,0
2027-04-16,415,call,28
2027-04-16,415,put,0
2027-04-16,420,call,222
2027-04-16,420,put,0
2027-04-16,425,call,70
2027-04-16,425,put,0
2027-04-16,430,call,44
2027-04-16,430,put,0
2027-04-16,435,call,338
2027-04-16,435,put,0
2027-04-16,440,call,44
2027-04-16,440,put,0
2027-04-16,450,call,0
2027-04-16,450,put,0
2027-04-16,460,call,1
2027-04-16,460,put,0
2027-04-16,470,call,3
2027-04-16,470,put,0
2027-04-16,480,call,0
2027-04-16,480,put,0
2027-05-21,50,call,1
2027-05-21,50,put,1
2027-05-21,55,call,0
2027-05-21,55,put,0
2027-05-21,60,call,0
2027-05-21,60,put,0
2027-05-21,65,call,0
2027-05-21,65,put,0
2027-05-21,70,call,1
2027-05-21,70,put,0
2027-05-21,75,call,0
2027-05-21,75,put,0
2027-05-21,80,call,0
2027-05-21,80,put,101
2027-05-21,85,call,1
2027-05-21,85,put,1
2027-05-21,90,call,1
2027-05-21,90,put,1
2027-05-21,95,call,0
2027-05-21,95,put,21
2027-05-21,100,call,0
2027-05-21,100,put,30
2027-05-21,105,call,0
2027-05-21,105,put,0
2027-05-21,110,call,0
2027-05-21,110,put,1
2027-05-21,115,call,0
2027-05-21,115,put,0
2027-05-21,120,call,2
2027-05-21,120,put,12
2027-05-21,125,call,0
2027-05-21,125,put,2
2027-05-21,130,call,5
2027-05-21,130,put,10
2027-05-21,135,call,0
2027-05-21,135,put,30
2027-05-21,140,call,1
2027-05-21,140,put,0
2027-05-21,145,call,0
2027-05-21,145,put,1
2027-05-21,150,call,0
2027-05-21,150,put,12
2027-05-21,155,call,0
2027-05-21,155,put,22
2027-05-21,160,call,4
2027-05-21,160,put,6
2027-05-21,165,call,1
2027-05-21,165,put,9
2027-05-21,170,call,14
2027-05-21,170,put,4
2027-05-21,175,call,0
2027-05-21,175,put,213
2027-05-21,180,call,2
2027-05-21,180,put,34
2027-05-21,185,call,0
2027-05-21,185,put,19
2027-05-21,190,call,2
2027-05-21,190,put,73
2027-05-21,195,call,0
2027-05-21,195,put,297
2027-05-21,200,call,0
2027-05-21,200,put,100
2027-05-21,205,call,8
2027-05-21,205,put,6
2027-05-21,210,call,14
2027-05-21,210,put,10
2027-05-21,215,call,11
2027-05-21,215,put,0
2027-05-21,220,call,15
2027-05-21,220,put,12
2027-05-21,225,call,65
2027-05-21,225,put,208
2027-05-21,230,call,865
2027-05-21,230,put,328
2027-05-21,235,call,2341
2027-05-21,235,put,364
2027-05-21,240,call,367
2027-05-21,240,put,1320
2027-05-21,245,call,1096
2027-05-21,245,put,531
2027-05-21,250,call,176
2027-05-21,250,put,164
2027-05-21,255,call,56
2027-05-21,255,put,29
2027-05-21,260,call,30
2027-05-21,260,put,3
2027-05-21,265,call,234
2027-05-21,265,put,0
2027-05-21,270,call,9
2027-05-21,270,put,0
2027-05-21,275,call,0
2027-05-21,275,put,0
2027-05-21,280,call,12
2027-05-21,280,put,1
2027-05-21,285,call,6
2027-05-21,285,put,2
2027-05-21,290,call,49
2027-05-21,290,put,0
2027-05-21,295,call,4
2027-05-21,295,put,0
2027-05-21,300,call,22
2027-05-21,300,put,0
2027-05-21,305,call,13
2027-05-21,305,put,0
2027-05-21,310,call,12
2027-05-21,310,put,0
2027-05-21,315,call,1
2027-05-21,315,put,0
2027-05-21,320,call,1
2027-05-21,320,put,0
2027-05-21,325,call,0
2027-05-21,325,put,0
2027-05-21,330,call,1
2027-05-21,330,put,0
2027-05-21,335,call,0
2027-05-21,335,put,0
2027-05-21,340,call,2
2027-05-21,340,put,0
2027-05-21,345,call,0
2027-05-21,345,put,0
2027-05-21,350,call,3
2027-05-21,350,put,0
2027-05-21,355,call,0
2027-05-21,355,put,0
2027-05-21,360,call,0
2027-05-21,360,put,0
2027-05-21,365,call,0
2027-05-21,365,put,0
2027-05-21,370,call,10
2027-05-21,370,put,0
2027-05-21,375,call,208
2027-05-21,375,put,0
2027-05-21,380,call,4
2027-05-21,380,put,0
2027-05-21,385,call,0
2027-05-21,385,put,0
2027-05-21,390,call,0
2027-05-21,390,put,0
2027-05-21,395,call,6
2027-05-21,395,put,0
2027-05-21,400,call,1
2027-05-21,400,put,0
2027-05-21,405,call,0
2027-05-21,405,put,0
2027-05-21,410,call,0
2027-05-21,410,put,0
2027-05-21,415,call,0
2027-05-21,415,put,0
2027-05-21,420,call,0
2027-05-21,420,put,0
2027-05-21,425,call,0
2027-05-21,425,put,0
2027-05-21,430,call,0
2027-05-21,430,put,0
2027-05-21,435,call,0
2027-05-21,435,put,0
2027-05-21,440,call,0
2027-05-21,440,put,0
2027-05-21,445,call,0
2027-05-21,445,put,0
2027-05-21,450,call,16
2027-05-21,450,put,0
2027-05-21,455,call,0
2027-05-21,455,put,0
2027-05-21,460,call,0
2027-05-21,460,put,0
2027-05-21,465,call,0
2027-05-21,465,put,0
2027-05-21,470,call,0
2027-05-21,470,put,0
2027-05-21,475,call,1
2027-05-21,475,put,0
2027-05-21,480,call,1
2027-05-21,480,put,0
2027-06-17,5,call,14
2027-06-17,5,put,5084
2027-06-17,10,call,162
2027-06-17,10,put,254
2027-06-17,15,call,380
2027-06-17,15,put,418
2027-06-17,20,call,966
2027-06-17,20,put,537
2027-06-17,25,call,388
2027-06-17,25,put,855
2027-06-17,30,call,286
2027-06-17,30,put,11292
2027-06-17,35,call,828
2027-06-17,35,put,666
2027-06-17,40,call,282
2027-06-17,40,put,1252
2027-06-17,45,call,216
2027-06-17,45,put,1379
2027-06-17,50,call,466
2027-06-17,50,put,5035
2027-06-17,55,call,764
2027-06-17,55,put,2657
2027-06-17,60,call,315
2027-06-17,60,put,1558
2027-06-17,65,call,843
2027-06-17,65,put,1097
2027-06-17,70,call,382
2027-06-17,70,put,3649
2027-06-17,75,call,476
2027-06-17,75,put,8858
2027-06-17,80,call,845
2027-06-17,80,put,8019
2027-06-17,85,call,616
2027-06-17,85,put,9045
2027-06-17,90,call,741
2027-06-17,90,put,3307
2027-06-17,95,call,516
2027-06-17,95,put,4077
2027-06-17,100,call,5478
2027-06-17,100,put,19925
2027-06-17,105,call,16393
2027-06-17,105,put,6177
2027-06-17,110,call,7587
2027-06-17,110,put,9286
2027-06-17,115,call,1073
2027-06-17,115,put,9177
2027-06-17,120,call,3227
2027-06-17,120,put,21216
2027-06-17,125,call,1552
2027-06-17,125,put,16996
2027-06-17,130,call,2216
2027-06-17,130,put,17251
2027-06-17,135,call,8702
2027-06-17,135,put,7447
2027-06-17,140,call,3635
2027-06-17,140,put,145611
2027-06-17,145,call,1006
2027-06-17,145,put,9200
2027-06-17,150,call,9839
2027-06-17,150,put,49928
2027-06-17,155,call,3489
2027-06-17,155,put,9682
2027-06-17,160,call,7284
2027-06-17,160,put,26165
2027-06-17,165,call,2804
2027-06-17,165,put,9725
2027-06-17,170,call,7411
2027-06-17,170,put,16363
2027-06-17,175,call,6787
2027-06-17,175,put,13785
2027-06-17,180,call,12135
2027-06-17,180,put,30498
2027-06-17,185,call,5074
2027-06-17,185,put,10514
2027-06-17,190,call,11136
2027-06-17,190,put,22296
2027-06-17,195,call,6428
2027-06-17,195,put,13374
2027-06-17,200,call,22153
2027-06-17,200,put,20511
2027-06-17,205,call,21467
2027-06-17,205,put,10962
2027-06-17,210,call,9150
2027-06-17,210,put,13670
2027-06-17,215,call,9823
2027-06-17,215,put,3333
2027-06-17,220,call,18825
2027-06-17,220,put,10626
2027-06-17,225,call,7861
2027-06-17,225,put,5231
2027-06-17,230,call,20411
2027-06-17,230,put,8845
2027-06-17,235,call,4257
2027-06-17,235,put,3440
2027-06-17,240,call,10550
2027-06-17,240,put,19238
2027-06-17,245,call,4572
2027-06-17,245,put,1630
2027-06-17,250,call,23201
2027-06-17,250,put,4587
2027-06-17,255,call,4183
2027-06-17,255,put,980
2027-06-17,260,call,30964
2027-06-17,260,put,2530
2027-06-17,265,call,8567
2027-06-17,265,put,540
2027-06-17,270,call,9598
2027-06-17,270,put,2138
2027-06-17,275,call,4438
2027-06-17,275,put,531
2027-06-17,280,call,7556
2027-06-17,280,put,3012
2027-06-17,285,call,2874
2027-06-17,285,put,716
2027-06-17,290,call,10265
2027-06-17,290,put,1250
2027-06-17,295,call,4114
2027-06-17,295,put,367
2027-06-17,300,call,31898
2027-06-17,300,put,2015
2027-06-17,310,call,6027
2027-06-17,310,put,734
2027-06-17,320,call,10001
2027-06-17,320,put,574
2027-06-17,330,call,4023
2027-06-17,330,put,194
2027-06-17,340,call,3593
2027-06-17,340,put,5
2027-06-17,350,call,11194
2027-06-17,350,put,0
2027-06-17,360,call,4603
2027-06-17,360,put,0
2027-06-17,370,call,5130
2027-06-17,370,put,0
2027-06-17,380,call,4214
2027-06-17,380,put,0
2027-06-17,390,call,1128
2027-06-17,390,put,0
2027-06-17,400,call,4180
2027-06-17,400,put,0
2027-06-17,410,call,918
2027-06-17,410,put,0
2027-06-17,420,call,9539
2027-06-17,420,put,0
2027-06-17,430,call,562
2027-06-17,430,put,0
2027-06-17,440,call,886
2027-06-17,440,put,0
2027-06-17,450,call,1781
2027-06-17,450,put,0
2027-06-17,455,call,266
2027-06-17,455,put,0
2027-06-17,460,call,7449
2027-06-17,460,put,0
2027-06-17,470,call,4
2027-06-17,470,put,0
2027-06-17,480,call,515
2027-06-17,480,put,0
2027-09-17,5,call,0
2027-09-17,5,put,10
2027-09-17,10,call,0
2027-09-17,10,put,0
2027-09-17,15,call,0
2027-09-17,15,put,0
2027-09-17,20,call,2
2027-09-17,20,put,3
2027-09-17,25,call,0
2027-09-17,25,put,1
2027-09-17,30,call,0
2027-09-17,30,put,0
2027-09-17,35,call,0
2027-09-17,35,put,2
2027-09-17,40,call,0
2027-09-17,40,put,65
2027-09-17,45,call,0
2027-09-17,45,put,2
2027-09-17,50,call,1
2027-09-17,50,put,68
2027-09-17,55,call,270
2027-09-17,55,put,2832
2027-09-17,60,call,105
2027-09-17,60,put,365
2027-09-17,65,call,82
2027-09-17,65,put,256
2027-09-17,70,call,119
2027-09-17,70,put,602
2027-09-17,75,call,171
2027-09-17,75,put,171
2027-09-17,80,call,132
2027-09-17,80,put,434
2027-09-17,85,call,179
2027-09-17,85,put,404
2027-09-17,90,call,217
2027-09-17,90,put,805
2027-09-17,95,call,95
2027-09-17,95,put,861
2027-09-17,100,call,423
2027-09-17,100,put,2721
2027-09-17,105,call,176
2027-09-17,105,put,723
2027-09-17,110,call,585
2027-09-17,110,put,1274
2027-09-17,115,call,444
2027-09-17,115,put,1186
2027-09-17,120,call,511
2027-09-17,120,put,2675
2027-09-17,125,call,436
2027-09-17,125,put,3911
2027-09-17,130,call,641
2027-09-17,130,put,4326
2027-09-17,135,call,741
2027-09-17,135,put,2528
2027-09-17,140,call,1841
2027-09-17,140,put,6905
2027-09-17,145,call,510
2027-09-17,145,put,4802
2027-09-17,150,call,2217
2027-09-17,150,put,13767
2027-09-17,155,call,599
2027-09-17,155,put,2541
2027-09-17,160,call,1500
2027-09-17,160,put,5340
2027-09-17,165,call,528
2027-09-17,165,put,2159
2027-09-17,170,call,722
2027-09-17,170,put,6114
2027-09-17,175,call,860
2027-09-17,175,put,4685
2027-09-17,180,call,1183
2027-09-17,180,put,10211
2027-09-17,185,call,868
2027-09-17,185,put,4312
2027-09-17,190,call,1654
2027-09-17,190,put,7471
2027-09-17,195,call,1210
2027-09-17,195,put,3093
2027-09-17,200,call,3757
2027-09-17,200,put,10112
2027-09-17,205,call,2171
2027-09-17,205,put,4001
2027-09-17,210,call,3520
2027-09-17,210,put,3132
2027-09-17,215,call,2066
2027-09-17,215,put,2905
2027-09-17,220,call,4758
2027-09-17,220,put,3886
2027-09-17,225,call,9716
2027-09-17,225,put,4700
2027-09-17,230,call,7168
2027-09-17,230,put,5701
2027-09-17,235,call,4139
2027-09-17,235,put,4500
2027-09-17,240,call,4561
2027-09-17,240,put,1781
2027-09-17,245,call,1879
2027-09-17,245,put,3209
2027-09-17,250,call,5723
2027-09-17,250,put,1595
2027-09-17,255,call,1829
2027-09-17,255,put,651
2027-09-17,260,call,4148
2027-09-17,260,put,255
2027-09-17,265,call,1878
2027-09-17,265,put,129
2027-09-17,270,call,3300
2027-09-17,270,put,460
2027-09-17,275,call,2243
2027-09-17,275,put,221
2027-09-17,280,call,3562
2027-09-17,280,put,600
2027-09-17,285,call,2148
2027-09-17,285,put,137
2027-09-17,290,call,2341
2027-09-17,290,put,198
2027-09-17,295,call,1609
2027-09-17,295,put,956
2027-09-17,300,call,6784
2027-09-17,300,put,1055
2027-09-17,310,call,2898
2027-09-17,310,put,906
2027-09-17,320,call,3096
2027-09-17,320,put,2751
2027-09-17,330,call,1811
2027-09-17,330,put,1327
2027-09-17,340,call,2568
2027-09-17,340,put,44
2027-09-17,350,call,1798
2027-09-17,350,put,5
2027-09-17,360,call,650
2027-09-17,360,put,0
2027-09-17,370,call,6741
2027-09-17,370,put,0
2027-09-17,380,call,650
2027-09-17,380,put,0
2027-09-17,390,call,871
2027-09-17,390,put,0
2027-09-17,400,call,1714
2027-09-17,400,put,0
2027-09-17,410,call,335
2027-09-17,410,put,0
2027-09-17,420,call,1066
2027-09-17,420,put,0
2027-09-17,430,call,253
2027-09-17,430,put,0
2027-09-17,440,call,302
2027-09-17,440,put,0
2027-09-17,450,call,1626
2027-09-17,450,put,0
2027-09-17,455,call,368
2027-09-17,455,put,0
2027-09-17,460,call,2022
2027-09-17,460,put,0
2027-09-17,470,call,4
2027-09-17,470,put,0
2027-09-17,480,call,92
2027-09-17,480,put,0
2027-12-17,5,call,15776
2027-12-17,5,put,30619
2027-12-17,10,call,323
2027-12-17,10,put,1510
2027-12-17,15,call,439
2027-12-17,15,put,24087
2027-12-17,20,call,1054
2027-12-17,20,put,2798
2027-12-17,25,call,705
2027-12-17,25,put,1307
2027-12-17,30,call,718
2027-12-17,30,put,1022
2027-12-17,35,call,1056
2027-12-17,35,put,2228
2027-12-17,40,call,801
2027-12-17,40,put,4756
2027-12-17,45,call,601
2027-12-17,45,put,5057
2027-12-17,50,call,1152
2027-12-17,50,put,10266
2027-12-17,55,call,1415
2027-12-17,55,put,4270
2027-12-17,60,call,1507
2027-12-17,60,put,17949
2027-12-17,65,call,815
2027-12-17,65,put,1142
2027-12-17,70,call,4047
2027-12-17,70,put,7970
2027-12-17,75,call,1742
2027-12-17,75,put,10843
2027-12-17,80,call,2063
2027-12-17,80,put,8936
2027-12-17,85,call,972
2027-12-17,85,put,9508
2027-12-17,90,call,3429
2027-12-17,90,put,25625
2027-12-17,95,call,4266
2027-12-17,95,put,4388
2027-12-17,100,call,15903
2027-12-17,100,put,23902
2027-12-17,105,call,7170
2027-12-17,105,put,2916
2027-12-17,110,call,9612
2027-12-17,110,put,12168
2027-12-17,115,call,3664
2027-12-17,115,put,6099
2027-12-17,120,call,7958
2027-12-17,120,put,18107
2027-12-17,125,call,3932
2027-12-17,125,put,9514
2027-12-17,130,call,7388
2027-12-17,130,put,5309
2027-12-17,135,call,4178
2027-12-17,135,put,4432
2027-12-17,140,call,5085
2027-12-17,140,put,16107
2027-12-17,145,call,4895
2027-12-17,145,put,1926
2027-12-17,150,call,13088
2027-12-17,150,put,16466
2027-12-17,155,call,9096
2027-12-17,155,put,4612
2027-12-17,160,call,4421
2027-12-17,160,put,5333
2027-12-17,165,call,1874
2027-12-17,165,put,3851
2027-12-17,170,call,4471
2027-12-17,170,put,9389
2027-12-17,175,call,5635
2027-12-17,175,put,5985
2027-12-17,180,call,7233
2027-12-17,180,put,4704
2027-12-17,185,call,4870
2027-12-17,185,put,2903
2027-12-17,190,call,6756
2027-12-17,190,put,5926
2027-12-17,195,call,4589
2027-12-17,195,put,3654
2027-12-17,200,call,37378
2027-12-17,200,put,7495
2027-12-17,205,call,910
2027-12-17,205,put,1687
2027-12-17,210,call,22528
2027-12-17,210,put,4253
2027-12-17,215,call,6331
2027-12-17,215,put,3696
2027-12-17,220,call,9286
2027-12-17,220,put,9706
2027-12-17,225,call,4728
2027-12-17,225,put,4434
2027-12-17,230,call,17486
2027-12-17,230,put,4085
2027-12-17,235,call,925
2027-12-17,235,put,1660
2027-12-17,240,call,10910
2027-12-17,240,put,7471
2027-12-17,245,call,473
2027-12-17,245,put,1624
2027-12-17,250,call,8926
2027-12-17,250,put,2455
2027-12-17,255,call,1541
2027-12-17,255,put,3006
2027-12-17,260,call,6594
2027-12-17,260,put,3121
2027-12-17,265,call,1694
2027-12-17,265,put,94
2027-12-17,270,call,9330
2027-12-17,270,put,1856
2027-12-17,275,call,1613
2027-12-17,275,put,76
2027-12-17,280,call,7551
2027-12-17,280,put,782
2027-12-17,285,call,2761
2027-12-17,285,put,41
2027-12-17,290,call,5907
2027-12-17,290,put,1020
2027-12-17,295,call,2074
2027-12-17,295,put,621
2027-12-17,300,call,15270
2027-12-17,300,put,1645
2027-12-17,310,call,4968
2027-12-17,310,put,3294
2027-12-17,320,call,5163
2027-12-17,320,put,3085
2027-12-17,330,call,5231
2027-12-17,330,put,2637
2027-12-17,340,call,4884
2027-12-17,340,put,3832
2027-12-17,350,call,12383
2027-12-17,350,put,560
2027-12-17,360,call,10060
2027-12-17,360,put,175
2027-12-17,380,call,1587
2027-12-17,380,put,0
2027-12-17,390,call,4506
2027-12-17,390,put,0
2027-12-17,400,call,3464
2027-12-17,400,put,1
2027-12-17,410,call,1135
2027-12-17,410,put,0
2027-12-17,420,call,4503
2027-12-17,420,put,0
2027-12-17,430,call,622
2027-12-17,430,put,0
2027-12-17,440,call,498
2027-12-17,440,put,0
2027-12-17,450,call,601
2027-12-17,450,put,0
2027-12-17,455,call,557
2027-12-17,455,put,0
2027-12-17,460,call,3786
2027-12-17,460,put,0
2027-12-17,470,call,0
2027-12-17,470,put,0
2027-12-17,480,call,31
2027-12-17,480,put,0
2028-01-21,5,call,1602
2028-01-21,5,put,6940
2028-01-21,10,call,291
2028-01-21,10,put,5968
2028-01-21,15,call,107
2028-01-21,15,put,1856
2028-01-21,20,call,3076
2028-01-21,20,put,2750
2028-01-21,25,call,790
2028-01-21,25,put,527
2028-01-21,30,call,490
2028-01-21,30,put,766
2028-01-21,35,call,498
2028-01-21,35,put,626
2028-01-21,40,call,269
2028-01-21,40,put,841
2028-01-21,45,call,141
2028-01-21,45,put,4115
2028-01-21,50,call,421
2028-01-21,50,put,7296
2028-01-21,55,call,334
2028-01-21,55,put,362
2028-01-21,60,call,283
2028-01-21,60,put,1782
2028-01-21,65,call,684
2028-01-21,65,put,374
2028-01-21,70,call,419
2028-01-21,70,put,1605
2028-01-21,75,call,366
2028-01-21,75,put,1588
2028-01-21,80,call,800
2028-01-21,80,put,8896
2028-01-21,85,call,389
2028-01-21,85,put,678
2028-01-21,90,call,1749
2028-01-21,90,put,2310
2028-01-21,95,call,201
2028-01-21,95,put,1716
2028-01-21,100,call,3124
2028-01-21,100,put,9245
2028-01-21,105,call,1021
2028-01-21,105,put,4514
2028-01-21,110,call,702
2028-01-21,110,put,7820
2028-01-21,115,call,921
2028-01-21,115,put,3349
2028-01-21,120,call,1991
2028-01-21,120,put,10237
2028-01-21,125,call,618
2028-01-21,125,put,11685
2028-01-21,130,call,2269
2028-01-21,130,put,11634
2028-01-21,135,call,824
2028-01-21,135,put,5195
2028-01-21,140,call,4012
2028-01-21,140,put,22494
2028-01-21,145,call,1558
2028-01-21,145,put,9084
2028-01-21,150,call,6064
2028-01-21,150,put,28508
2028-01-21,155,call,975
2028-01-21,155,put,5697
2028-01-21,160,call,2369
2028-01-21,160,put,6040
2028-01-21,165,call,1353
2028-01-21,165,put,9151
2028-01-21,170,call,4957
2028-01-21,170,put,5408
2028-01-21,175,call,8208
2028-01-21,175,put,8014
2028-01-21,180,call,14051
2028-01-21,180,put,21613
2028-01-21,185,call,9314
2028-01-21,185,put,8894
2028-01-21,190,call,8778
2028-01-21,190,put,13444
2028-01-21,195,call,6955
2028-01-21,195,put,4161
2028-01-21,200,call,28168
2028-01-21,200,put,29008
2028-01-21,205,call,1025
2028-01-21,205,put,7069
2028-01-21,210,call,9652
2028-01-21,210,put,6201
2028-01-21,215,call,1638
2028-01-21,215,put,6185
2028-01-21,220,call,10279
2028-01-21,220,put,7944
2028-01-21,225,call,5915
2028-01-21,225,put,2315
2028-01-21,230,call,15776
2028-01-21,230,put,7292
2028-01-21,235,call,1575
2028-01-21,235,put,3642
2028-01-21,240,call,10695
2028-01-21,240,put,1076
2028-01-21,245,call,2770
2028-01-21,245,put,3136
2028-01-21,250,call,37001
2028-01-21,250,put,3310
2028-01-21,255,call,1165
2028-01-21,255,put,566
2028-01-21,260,call,10036
2028-01-21,260,put,3961
2028-01-21,265,call,1618
2028-01-21,265,put,348
2028-01-21,270,call,9059
2028-01-21,270,put,591
2028-01-21,275,call,1573
2028-01-21,275,put,250
2028-01-21,280,call,9531
2028-01-21,280,put,1418
2028-01-21,285,call,1267
2028-01-21,285,put,491
2028-01-21,290,call,5279
2028-01-21,290,put,336
2028-01-21,295,call,4134
2028-01-21,295,put,210
2028-01-21,300,call,97753
2028-01-21,300,put,1463
2028-01-21,310,call,9674
2028-01-21,310,put,980
2028-01-21,320,call,6781
2028-01-21,320,put,795
2028-01-21,330,call,4658
2028-01-21,330,put,1447
2028-01-21,340,call,3593
2028-01-21,340,put,1028
2028-01-21,350,call,31070
2028-01-21,350,put,618
2028-01-21,360,call,7990
2028-01-21,360,put,118
2028-01-21,370,call,5532
2028-01-21,370,put,45
2028-01-21,380,call,9898
2028-01-21,380,put,47
2028-01-21,390,call,8218
2028-01-21,390,put,41
2028-01-21,400,call,51439
2028-01-21,400,put,0
2028-01-21,410,call,21594
2028-01-21,410,put,0
2028-01-21,420,call,21646
2028-01-21,420,put,0
2028-01-21,430,call,2082
2028-01-21,430,put,0
2028-01-21,440,call,3105
2028-01-21,440,put,0
2028-01-21,450,call,11025
2028-01-21,450,put,0
2028-01-21,455,call,359
2028-01-21,455,put,0
2028-01-21,460,call,25505
2028-01-21,460,put,0
2028-01-21,470,call,0
2028-01-21,470,put,0
2028-01-21,480,call,54
2028-01-21,480,put,0
2028-06-16,5,call,178
2028-06-16,5,put,1
2028-06-16,10,call,2
2028-06-16,10,put,115
2028-06-16,15,call,5
2028-06-16,15,put,261
2028-06-16,20,call,115
2028-06-16,20,put,408
2028-06-16,25,call,115
2028-06-16,25,put,8
2028-06-16,30,call,65
2028-06-16,30,put,14
2028-06-16,35,call,29
2028-06-16,35,put,20
2028-06-16,40,call,101
2028-06-16,40,put,745
2028-06-16,45,call,235
2028-06-16,45,put,298
2028-06-16,50,call,260
2028-06-16,50,put,221
2028-06-16,55,call,335
2028-06-16,55,put,723
2028-06-16,60,call,308
2028-06-16,60,put,258
2028-06-16,65,call,449
2028-06-16,65,put,30
2028-06-16,70,call,313
2028-06-16,70,put,860
2028-06-16,75,call,329
2028-06-16,75,put,1232
2028-06-16,80,call,595
2028-06-16,80,put,694
2028-06-16,85,call,301
2028-06-16,85,put,834
2028-06-16,90,call,570
2028-06-16,90,put,3141
2028-06-16,95,call,236
2028-06-16,95,put,915
2028-06-16,100,call,483
2028-06-16,100,put,2042
2028-06-16,105,call,219
2028-06-16,105,put,941
2028-06-16,110,call,621
2028-06-16,110,put,1483
2028-06-16,115,call,269
2028-06-16,115,put,315
2028-06-16,120,call,358
2028-06-16,120,put,4125
2028-06-16,125,call,603
2028-06-16,125,put,2322
2028-06-16,130,call,523
2028-06-16,130,put,3337
2028-06-16,135,call,579
2028-06-16,135,put,3239
2028-06-16,140,call,466
2028-06-16,140,put,964
2028-06-16,145,call,185
2028-06-16,145,put,965
2028-06-16,150,call,496
2028-06-16,150,put,6541
2028-06-16,155,call,283
2028-06-16,155,put,6823
2028-06-16,160,call,435
2028-06-16,160,put,5711
2028-06-16,165,call,380
2028-06-16,165,put,1026
2028-06-16,170,call,781
2028-06-16,170,put,9226
2028-06-16,175,call,420
2028-06-16,175,put,1130
2028-06-16,180,call,515
2028-06-16,180,put,3041
2028-06-16,185,call,689
2028-06-16,185,put,1500
2028-06-16,190,call,643
2028-06-16,190,put,3723
2028-06-16,195,call,510
2028-06-16,195,put,2859
2028-06-16,200,call,1154
2028-06-16,200,put,7017
2028-06-16,205,call,632
2028-06-16,205,put,1276
2028-06-16,210,call,1333
2028-06-16,210,put,1650
2028-06-16,215,call,4357
2028-06-16,215,put,927
2028-06-16,220,call,4116
2028-06-16,220,put,6410
2028-06-16,225,call,1881
2028-06-16,225,put,879
2028-06-16,230,call,2688
2028-06-16,230,put,4413
2028-06-16,235,call,546
2028-06-16,235,put,2726
2028-06-16,240,call,1762
2028-06-16,240,put,900
2028-06-16,245,call,1321
2028-06-16,245,put,58
2028-06-16,250,call,5342
2028-06-16,250,put,202
2028-06-16,255,call,948
2028-06-16,255,put,329
2028-06-16,260,call,1581
2028-06-16,260,put,123
2028-06-16,265,call,1465
2028-06-16,265,put,350
2028-06-16,270,call,496
2028-06-16,270,put,901
2028-06-16,275,call,744
2028-06-16,275,put,855
2028-06-16,280,call,373
2028-06-16,280,put,2868
2028-06-16,285,call,441
2028-06-16,285,put,2029
2028-06-16,290,call,1067
2028-06-16,290,put,247
2028-06-16,295,call,412
2028-06-16,295,put,66
2028-06-16,300,call,5872
2028-06-16,300,put,250
2028-06-16,305,call,398
2028-06-16,305,put,87
2028-06-16,310,call,2359
2028-06-16,310,put,62
2028-06-16,315,call,195
2028-06-16,315,put,100
2028-06-16,320,call,475
2028-06-16,320,put,383
2028-06-16,325,call,573
2028-06-16,325,put,108
2028-06-16,330,call,2758
2028-06-16,330,put,254
2028-06-16,335,call,318
2028-06-16,335,put,398
2028-06-16,340,call,642
2028-06-16,340,put,269
2028-06-16,345,call,352
2028-06-16,345,put,30
2028-06-16,350,call,7671
2028-06-16,350,put,163
2028-06-16,360,call,850
2028-06-16,360,put,82
2028-06-16,370,call,508
2028-06-16,370,put,32
2028-06-16,380,call,1930
2028-06-16,380,put,17
2028-06-16,390,call,686
2028-06-16,390,put,1
2028-06-16,400,call,5184
2028-06-16,400,put,0
2028-06-16,410,call,644
2028-06-16,410,put,15
2028-06-16,420,call,395
2028-06-16,420,put,0
2028-06-16,430,call,2549
2028-06-16,430,put,0
2028-06-16,440,call,259
2028-06-16,440,put,0
2028-06-16,450,call,1541
2028-06-16,450,put,0
2028-06-16,460,call,5263
2028-06-16,460,put,0
2028-06-16,470,call,3
2028-06-16,470,put,0
2028-06-16,480,call,326
2028-06-16,480,put,0
2028-09-15,125,call,0
2028-09-15,125,put,2
2028-09-15,130,call,0
2028-09-15,130,put,0
2028-09-15,135,call,0
2028-09-15,135,put,0
2028-09-15,140,call,0
2028-09-15,140,put,0
2028-09-15,145,call,0
2028-09-15,145,put,0
2028-09-15,150,call,0
2028-09-15,150,put,0
2028-09-15,155,call,0
2028-09-15,155,put,0
2028-09-15,160,call,0
2028-09-15,160,put,1
2028-09-15,165,call,0
2028-09-15,165,put,1
2028-09-15,170,call,0
2028-09-15,170,put,4
2028-09-15,175,call,0
2028-09-15,175,put,0
2028-09-15,180,call,1
2028-09-15,180,put,0
2028-09-15,185,call,0
2028-09-15,185,put,1
2028-09-15,190,call,8
2028-09-15,190,put,0
2028-09-15,195,call,2
2028-09-15,195,put,0
2028-09-15,200,call,0
2028-09-15,200,put,1
2028-09-15,205,call,9
2028-09-15,205,put,3
2028-09-15,210,call,0
2028-09-15,210,put,1
2028-09-15,215,call,0
2028-09-15,215,put,0
2028-09-15,220,call,0
2028-09-15,220,put,0
2028-09-15,225,call,0
2028-09-15,225,put,0
2028-09-15,230,call,1
2028-09-15,230,put,0
2028-09-15,235,call,3
2028-09-15,235,put,0
2028-09-15,240,call,0
2028-09-15,240,put,0
2028-09-15,245,call,0
2028-09-15,245,put,0
2028-09-15,250,call,0
2028-09-15,250,put,0
2028-09-15,255,call,0
2028-09-15,255,put,0
2028-09-15,260,call,0
2028-09-15,260,put,0
2028-09-15,265,call,0
2028-09-15,265,put,0
2028-09-15,270,call,75
2028-09-15,270,put,0
2028-09-15,275,call,0
2028-09-15,275,put,0
2028-09-15,280,call,22
2028-09-15,280,put,0
2028-09-15,285,call,1
2028-09-15,285,put,0
2028-09-15,290,call,0
2028-09-15,290,put,0
2028-09-15,295,call,0
2028-09-15,295,put,0
2028-09-15,300,call,0
2028-09-15,300,put,0
2028-09-15,305,call,0
2028-09-15,305,put,0
2028-09-15,310,call,1
2028-09-15,310,put,0
2028-09-15,315,call,0
2028-09-15,315,put,0
2028-09-15,320,call,0
2028-09-15,320,put,0
2028-09-15,325,call,0
2028-09-15,325,put,0
2028-09-15,330,call,0
2028-09-15,330,put,0
2028-09-15,335,call,0
2028-09-15,335,put,0
2028-09-15,340,call,0
2028-09-15,340,put,0
2028-09-15,345,call,0
2028-09-15,345,put,0
2028-09-15,350,call,0
2028-09-15,350,put,0
2028-09-15,355,call,0
2028-09-15,355,put,0
2028-09-15,360,call,0
2028-09-15,360,put,0
2028-09-15,365,call,0
2028-09-15,365,put,0
2028-09-15,370,call,3
2028-09-15,370,put,0
2028-09-15,375,call,0
2028-09-15,375,put,0
2028-09-15,380,call,0
2028-09-15,380,put,0
2028-09-15,385,call,0
2028-09-15,385,put,0
2028-09-15,390,call,0
2028-09-15,390,put,0
2028-09-15,395,call,0
2028-09-15,395,put,0
2028-09-15,400,call,0
2028-09-15,400,put,0
2028-09-15,405,call,0
2028-09-15,405,put,0
2028-09-15,410,call,0
2028-09-15,410,put,0
2028-09-15,415,call,0
2028-09-15,415,put,0
2028-09-15,420,call,51
2028-09-15,420,put,0
2028-09-15,430,call,134
2028-09-15,430,put,0
2028-09-15,440,call,0
2028-09-15,440,put,15
2028-09-15,450,call,0
2028-09-15,450,put,0
2028-09-15,460,call,0
2028-09-15,460,put,0
2028-09-15,470,call,0
2028-09-15,470,put,0
2028-09-15,480,call,67
2028-09-15,480,put,0
2028-12-15,5,call,639
2028-12-15,5,put,5896
2028-12-15,10,call,110
2028-12-15,10,put,3367
2028-12-15,15,call,122
2028-12-15,15,put,4073
2028-12-15,20,call,1396
2028-12-15,20,put,2715
2028-12-15,25,call,724
2028-12-15,25,put,944
2028-12-15,30,call,773
2028-12-15,30,put,1619
2028-12-15,35,call,1042
2028-12-15,35,put,522
2028-12-15,40,call,468
2028-12-15,40,put,379
2028-12-15,45,call,1093
2028-12-15,45,put,197
2028-12-15,50,call,719
2028-12-15,50,put,3743
2028-12-15,55,call,963
2028-12-15,55,put,350
2028-12-15,60,call,1929
2028-12-15,60,put,423
2028-12-15,65,call,912
2028-12-15,65,put,405
2028-12-15,70,call,1229
2028-12-15,70,put,711
2028-12-15,75,call,1705
2028-12-15,75,put,1433
2028-12-15,80,call,1711
2028-12-15,80,put,1810
2028-12-15,85,call,697
2028-12-15,85,put,1022
2028-12-15,90,call,5722
2028-12-15,90,put,1500
2028-12-15,95,call,2462
2028-12-15,95,put,2159
2028-12-15,100,call,9930
2028-12-15,100,put,5839
2028-12-15,105,call,915
2028-12-15,105,put,2014
2028-12-15,110,call,994
2028-12-15,110,put,3414
2028-12-15,115,call,704
2028-12-15,115,put,5110
2028-12-15,120,call,5971
2028-12-15,120,put,10262
2028-12-15,125,call,603
2028-12-15,125,put,2118
2028-12-15,130,call,2962
2028-12-15,130,put,16300
2028-12-15,135,call,605
2028-12-15,135,put,2739
2028-12-15,140,call,5588
2028-12-15,140,put,4701
2028-12-15,145,call,1412
2028-12-15,145,put,3093
2028-12-15,150,call,3770
2028-12-15,150,put,20961
2028-12-15,155,call,1050
2028-12-15,155,put,4924
2028-12-15,160,call,2840
2028-12-15,160,put,4106
2028-12-15,165,call,1313
2028-12-15,165,put,5417
2028-12-15,170,call,4072
2028-12-15,170,put,12220
2028-12-15,175,call,2460
2028-12-15,175,put,4916
2028-12-15,180,call,5298
2028-12-15,180,put,14341
2028-12-15,185,call,6077
2028-12-15,185,put,7871
2028-12-15,190,call,5545
2028-12-15,190,put,5741
2028-12-15,195,call,2367
2028-12-15,195,put,5851
2028-12-15,200,call,28236
2028-12-15,200,put,11267
2028-12-15,205,call,3455
2028-12-15,205,put,2953
2028-12-15,210,call,7028
2028-12-15,210,put,4575
2028-12-15,215,call,2679
2028-12-15,215,put,1076
2028-12-15,220,call,14238
2028-12-15,220,put,5411
2028-12-15,225,call,8039
2028-12-15,225,put,1494
2028-12-15,230,call,7605
2028-12-15,230,put,4166
2028-12-15,235,call,3191
2028-12-15,235,put,798
2028-12-15,240,call,4565
2028-12-15,240,put,1614
2028-12-15,245,call,1726
2028-12-15,245,put,1773
2028-12-15,250,call,20204
2028-12-15,250,put,4280
2028-12-15,255,call,1640
2028-12-15,255,put,435
2028-12-15,260,call,4931
2028-12-15,260,put,2347
2028-12-15,265,call,968
2028-12-15,265,put,220
2028-12-15,270,call,3140
2028-12-15,270,put,1115
2028-12-15,275,call,2630
2028-12-15,275,put,459
2028-12-15,280,call,4788
2028-12-15,280,put,1565
2028-12-15,285,call,2027
2028-12-15,285,put,385
2028-12-15,290,call,6603
2028-12-15,290,put,1295
2028-12-15,295,call,864
2028-12-15,295,put,420
2028-12-15,300,call,19097
2028-12-15,300,put,6468
2028-12-15,310,call,3791
2028-12-15,310,put,1128
2028-12-15,320,call,2216
2028-12-15,320,put,956
2028-12-15,330,call,8871
2028-12-15,330,put,4087
2028-12-15,340,call,8849
2028-12-15,340,put,923
2028-12-15,350,call,7795
2028-12-15,350,put,6572
2028-12-15,360,call,3580
2028-12-15,360,put,7422
2028-12-15,370,call,5479
2028-12-15,370,put,1118
2028-12-15,380,call,17652
2028-12-15,380,put,1535
2028-12-15,390,call,455
2028-12-15,390,put,2557
2028-12-15,400,call,10338
2028-12-15,400,put,1689
2028-12-15,410,call,1018
2028-12-15,410,put,6
2028-12-15,420,call,9170
2028-12-15,420,put,1
2028-12-15,430,call,359
2028-12-15,430,put,0
2028-12-15,440,call,4209
2028-12-15,440,put,0
2028-12-15,450,call,7095
2028-12-15,450,put,0
2028-12-15,460,call,24094
2028-12-15,460,put,0
2029-01-19,5,call,337
2029-01-19,5,put,336
2029-01-19,10,call,2
2029-01-19,10,put,5
2029-01-19,15,call,0
2029-01-19,15,put,1
2029-01-19,20,call,14
2029-01-19,20,put,11
2029-01-19,25,call,155
2029-01-19,25,put,0
2029-01-19,30,call,2
2029-01-19,30,put,8
2029-01-19,35,call,0
2029-01-19,35,put,0
2029-01-19,40,call,70
2029-01-19,40,put,295
2029-01-19,45,call,15
2029-01-19,45,put,4
2029-01-19,50,call,15
2029-01-19,50,put,138
2029-01-19,55,call,40
2029-01-19,55,put,25
2029-01-19,60,call,22
2029-01-19,60,put,5
2029-01-19,65,call,51
2029-01-19,65,put,50
2029-01-19,70,call,47
2029-01-19,70,put,141
2029-01-19,75,call,67
2029-01-19,75,put,16
2029-01-19,80,call,47
2029-01-19,80,put,3
2029-01-19,85,call,63
2029-01-19,85,put,8
2029-01-19,90,call,44
2029-01-19,90,put,6
2029-01-19,95,call,57
2029-01-19,95,put,32
2029-01-19,100,call,99
2029-01-19,100,put,148
2029-01-19,105,call,113
2029-01-19,105,put,64
2029-01-19,110,call,45
2029-01-19,110,put,58
2029-01-19,115,call,577
2029-01-19,115,put,44
2029-01-19,120,call,118
2029-01-19,120,put,167
2029-01-19,125,call,878
2029-01-19,125,put,22
2029-01-19,130,call,409
2029-01-19,130,put,671
2029-01-19,135,call,34
2029-01-19,135,put,120
2029-01-19,140,call,138
2029-01-19,140,put,90
2029-01-19,145,call,48
2029-01-19,145,put,29
2029-01-19,150,call,252
2029-01-19,150,put,286
2029-01-19,155,call,20
2029-01-19,155,put,78
2029-01-19,160,call,104
2029-01-19,160,put,504
2029-01-19,165,call,57
2029-01-19,165,put,135
2029-01-19,170,call,51
2029-01-19,170,put,362
2029-01-19,175,call,283
2029-01-19,175,put,185
2029-01-19,180,call,285
2029-01-19,180,put,2024
2029-01-19,185,call,96
2029-01-19,185,put,1615
2029-01-19,190,call,150
2029-01-19,190,put,180
2029-01-19,195,call,115
2029-01-19,195,put,112
2029-01-19,200,call,10357
2029-01-19,200,put,488
2029-01-19,205,call,59
2029-01-19,205,put,69
2029-01-19,210,call,2359
2029-01-19,210,put,69
2029-01-19,215,call,425
2029-01-19,215,put,53
2029-01-19,220,call,685
2029-01-19,220,put,741
2029-01-19,225,call,571
2029-01-19,225,put,155
2029-01-19,230,call,616
2029-01-19,230,put,431
2029-01-19,235,call,216
2029-01-19,235,put,92
2029-01-19,240,call,710
2029-01-19,240,put,150
2029-01-19,245,call,204
2029-01-19,245,put,43
2029-01-19,250,call,603
2029-01-19,250,put,149
2029-01-19,255,call,227
2029-01-19,255,put,131
2029-01-19,260,call,559
2029-01-19,260,put,188
2029-01-19,265,call,156
2029-01-19,265,put,32
2029-01-19,270,call,807
2029-01-19,270,put,150
2029-01-19,275,call,177
2029-01-19,275,put,87
2029-01-19,280,call,656
2029-01-19,280,put,39
2029-01-19,285,call,54
2029-01-19,285,put,61
2029-01-19,290,call,332
2029-01-19,290,put,82
2029-01-19,295,call,34
2029-01-19,295,put,40
2029-01-19,300,call,2388
2029-01-19,300,put,112
2029-01-19,310,call,922
2029-01-19,310,put,44
2029-01-19,320,call,201
2029-01-19,320,put,7
2029-01-19,330,call,536
2029-01-19,330,put,13
2029-01-19,340,call,66
2029-01-19,340,put,67
2029-01-19,350,call,394
2029-01-19,350,put,247
2029-01-19,360,call,603
2029-01-19,360,put,1
2029-01-19,370,call,91
2029-01-19,370,put,16
2029-01-19,380,call,180
2029-01-19,380,put,50
2029-01-19,390,call,55
2029-01-19,390,put,95
2029-01-19,400,call,471
2029-01-19,400,put,6
2029-01-19,410,call,63
2029-01-19,410,put,51
2029-01-19,420,call,953
2029-01-19,420,put,5
2029-01-19,430,call,1
2029-01-19,430,put,0
2029-01-19,440,call,3
2029-01-19,440,put,0
2029-01-19,450,call,59
2029-01-19,450,put,0
2029-01-19,460,call,20
2029-01-19,460,put,0
2029-01-19,470,call,2
2029-01-19,470,put,0
2029-01-19,480,call,52
2029-01-19,480,put,0
